成果发表时间,语言,来源,学科,划分,等级
2025年1月1日 - 至今,中文,CSSCI,法学,中国法学,A
2025年1月1日 - 至今,中文,CSSCI,法学,法学研究,A
2025年1月1日 - 至今,中文,CSSCI,法学,中外法学,A
2025年1月1日 - 至今,中文,CSSCI,法学,清华法学,B
2025年1月1日 - 至今,中文,CSSCI,法学,法学,B
2025年1月1日 - 至今,中文,CSSCI,法学,法学家,B
2025年1月1日 - 至今,中文,CSSCI,法学,法商研究,B
2025年1月1日 - 至今,中文,CSSCI,法学,当代法学,B
2025年1月1日 - 至今,中文,CSSCI,法学,法制与社会发展,B
2025年1月1日 - 至今,中文,CSSCI,法学,法律科学(西北政法大学学报),B
2025年1月1日 - 至今,中文,CSSCI,法学,现代法学,B
2025年1月1日 - 至今,中文,CSSCI,法学,法学评论,B
2025年1月1日 - 至今,中文,CSSCI,法学,政法论坛,B
2025年1月1日 - 至今,中文,CSSCI,法学,比较法研究,C
2025年1月1日 - 至今,中文,CSSCI,法学,财经法学,C
2025年1月1日 - 至今,中文,CSSCI,法学,东方法学,C
2025年1月1日 - 至今,中文,CSSCI,法学,法律适用,C
2025年1月1日 - 至今,中文,CSSCI,法学,法学论坛,C
2025年1月1日 - 至今,中文,CSSCI,法学,法学杂志,C
2025年1月1日 - 至今,中文,CSSCI,法学,法治研究,C
2025年1月1日 - 至今,中文,CSSCI,法学,国家检察官学院学报,C
2025年1月1日 - 至今,中文,CSSCI,法学,华东政法大学学报,C
2025年1月1日 - 至今,中文,CSSCI,法学,环球法律评论,C
2025年1月1日 - 至今,中文,CSSCI,法学,南大法学,C
2025年1月1日 - 至今,中文,CSSCI,法学,行政法学研究,C
2025年1月1日 - 至今,中文,CSSCI,法学,月旦法学,C
2025年1月1日 - 至今,中文,CSSCI,法学,政大法学评论,C
2025年1月1日 - 至今,中文,CSSCI,法学,政法论丛,C
2025年1月1日 - 至今,中文,CSSCI,法学,政治与法律,C
2025年1月1日 - 至今,中文,CSSCI,法学,知识产权,C
2025年1月1日 - 至今,中文,CSSCI,法学,中国法律评论,C
2025年1月1日 - 至今,中文,CSSCI,法学,中国刑事法杂志,C
2025年1月1日 - 至今,中文,CSSCI,法学,中国应用法学,C
2025年1月1日 - 至今,中文,CSSCI,管理学,管理世界,A
2025年1月1日 - 至今,中文,CSSCI,管理学,南开管理评论,A
2025年1月1日 - 至今,中文,CSSCI,管理学,公共管理学报,A
2025年1月1日 - 至今,中文,CSSCI,管理学,会计研究,A
2025年1月1日 - 至今,中文,CSSCI,管理学,科学学研究,B
2025年1月1日 - 至今,中文,CSSCI,管理学,科研管理,B
2025年1月1日 - 至今,中文,CSSCI,管理学,中国软科学,B
2025年1月1日 - 至今,中文,CSSCI,管理学,管理科学,B
2025年1月1日 - 至今,中文,CSSCI,管理学,科学学与科学技术管理,B
2025年1月1日 - 至今,中文,CSSCI,管理学,管理科学学报,B
2025年1月1日 - 至今,中文,CSSCI,管理学,研究与发展管理,B
2025年1月1日 - 至今,中文,CSSCI,管理学,外国经济与管理,B
2025年1月1日 - 至今,中文,CSSCI,管理学,管理评论,B
2025年1月1日 - 至今,中文,CSSCI,管理学,中国行政管理,B
2025年1月1日 - 至今,中文,CSSCI,管理学,管理学报,B
2025年1月1日 - 至今,中文,CSSCI,管理学,中国管理科学,B
2025年1月1日 - 至今,中文,CSSCI,管理学,审计研究,B
2025年1月1日 - 至今,中文,CSSCI,管理学,管理工程学报,C
2025年1月1日 - 至今,中文,CSSCI,管理学,当代经济管理,C
2025年1月1日 - 至今,中文,CSSCI,管理学,电子政务,C
2025年1月1日 - 至今,中文,CSSCI,管理学,工程管理科技前沿,C
2025年1月1日 - 至今,中文,CSSCI,管理学,公共管理评论,C
2025年1月1日 - 至今,中文,CSSCI,管理学,公共管理与政策评论,C
2025年1月1日 - 至今,中文,CSSCI,管理学,管理学报(台湾),C
2025年1月1日 - 至今,中文,CSSCI,管理学,管理学刊,C
2025年1月1日 - 至今,中文,CSSCI,管理学,宏观质量研究,C
2025年1月1日 - 至今,中文,CSSCI,管理学,华东经济管理,C
2025年1月1日 - 至今,中文,CSSCI,管理学,会计评论,C
2025年1月1日 - 至今,中文,CSSCI,管理学,会计与经济研究,C
2025年1月1日 - 至今,中文,CSSCI,管理学,经济管理,C
2025年1月1日 - 至今,中文,CSSCI,管理学,经济体制改革,C
2025年1月1日 - 至今,中文,CSSCI,管理学,科技进步与对策,C
2025年1月1日 - 至今,中文,CSSCI,管理学,软科学,C
2025年1月1日 - 至今,中文,CSSCI,管理学,社会保障评论,C
2025年1月1日 - 至今,中文,CSSCI,管理学,审计与经济研究,C
2025年1月1日 - 至今,中文,CSSCI,管理学,系统工程理论与实践,C
2025年1月1日 - 至今,中文,CSSCI,管理学,系统管理学报,C
2025年1月1日 - 至今,中文,CSSCI,管理学,行政管理改革,C
2025年1月1日 - 至今,中文,CSSCI,管理学,证券市场发展季刊,C
2025年1月1日 - 至今,中文,CSSCI,管理学,治理研究,C
2025年1月1日 - 至今,中文,CSSCI,管理学,中国科技论坛,C
2025年1月1日 - 至今,中文,CSSCI,管理学,中国科学院院刊,C
2025年1月1日 - 至今,中文,CSSCI,管理学,中国人力资源开发,C
2025年1月1日 - 至今,中文,CSSCI,管理学,组织与管理,C
2025年1月1日 - 至今,中文,CSSCI,教育学,教育研究,A
2025年1月1日 - 至今,中文,CSSCI,教育学,开放教育研究,A
2025年1月1日 - 至今,中文,CSSCI,教育学,北京大学教育评论,A
2025年1月1日 - 至今,中文,CSSCI,教育学,高等教育研究,A
2025年1月1日 - 至今,中文,CSSCI,教育学,现代远程教育研究,A
2025年1月1日 - 至今,中文,CSSCI,教育学,远程教育杂志,B
2025年1月1日 - 至今,中文,CSSCI,教育学,中国电化教育,B
2025年1月1日 - 至今,中文,CSSCI,教育学,电化教育研究,B
2025年1月1日 - 至今,中文,CSSCI,教育学,清华大学教育研究,B
2025年1月1日 - 至今,中文,CSSCI,教育学,中国高教研究,B
2025年1月1日 - 至今,中文,CSSCI,教育学,现代教育技术,B
2025年1月1日 - 至今,中文,CSSCI,教育学,中国远程教育,B
2025年1月1日 - 至今,中文,CSSCI,教育学,华东师范大学学报(教育科学版),B
2025年1月1日 - 至今,中文,CSSCI,教育学,教育发展研究,B
2025年1月1日 - 至今,中文,CSSCI,教育学,全球教育展望,B
2025年1月1日 - 至今,中文,CSSCI,教育学,复旦教育论坛,B
2025年1月1日 - 至今,中文,CSSCI,教育学,教育与经济,B
2025年1月1日 - 至今,中文,CSSCI,教育学,教师教育研究,B
2025年1月1日 - 至今,中文,CSSCI,教育学,比较教育研究,B
2025年1月1日 - 至今,中文,CSSCI,教育学,大学教育科学,C
2025年1月1日 - 至今,中文,CSSCI,教育学,高等工程教育研究,C
2025年1月1日 - 至今,中文,CSSCI,教育学,高校教育管理,C
2025年1月1日 - 至今,中文,CSSCI,教育学,国家教育行政学院学报,C
2025年1月1日 - 至今,中文,CSSCI,教育学,湖南师范大学教育科学学报,C
2025年1月1日 - 至今,中文,CSSCI,教育学,华文教学与研究,C
2025年1月1日 - 至今,中文,CSSCI,教育学,基础教育,C
2025年1月1日 - 至今,中文,CSSCI,教育学,江苏高教,C
2025年1月1日 - 至今,中文,CSSCI,教育学,教育科学,C
2025年1月1日 - 至今,中文,CSSCI,教育学,教育科学研究期刊,C
2025年1月1日 - 至今,中文,CSSCI,教育学,教育实践与研究,C
2025年1月1日 - 至今,中文,CSSCI,教育学,教育学报,C
2025年1月1日 - 至今,中文,CSSCI,教育学,教育研究与实验,C
2025年1月1日 - 至今,中文,CSSCI,教育学,课程.教材.教法,C
2025年1月1日 - 至今,中文,CSSCI,教育学,苏州大学学报(教育科学版),C
2025年1月1日 - 至今,中文,CSSCI,教育学,特殊教育研究学刊,C
2025年1月1日 - 至今,中文,CSSCI,教育学,现代大学教育,C
2025年1月1日 - 至今,中文,CSSCI,教育学,现代教育管理,C
2025年1月1日 - 至今,中文,CSSCI,教育学,现代远距离教育,C
2025年1月1日 - 至今,中文,CSSCI,教育学,学前教育研究,C
2025年1月1日 - 至今,中文,CSSCI,教育学,学位与研究生教育,C
2025年1月1日 - 至今,中文,CSSCI,教育学,研究生教育研究,C
2025年1月1日 - 至今,中文,CSSCI,教育学,中国大学教学,C
2025年1月1日 - 至今,中文,CSSCI,教育学,中国高等教育,C
2025年1月1日 - 至今,中文,CSSCI,教育学,中国教育学刊,C
2025年1月1日 - 至今,中文,CSSCI,教育学,中国特殊教育,C
2025年1月1日 - 至今,中文,CSSCI,经济学,经济研究,A
2025年1月1日 - 至今,中文,CSSCI,经济学,经济学(季刊),A
2025年1月1日 - 至今,中文,CSSCI,经济学,中国工业经济,A
2025年1月1日 - 至今,中文,CSSCI,经济学,世界经济,A
2025年1月1日 - 至今,中文,CSSCI,经济学,金融研究,A
2025年1月1日 - 至今,中文,CSSCI,经济学,财经研究,A
2025年1月1日 - 至今,中文,CSSCI,经济学,中南财经政法大学学报,A
2025年1月1日 - 至今,中文,CSSCI,经济学,数量经济技术经济研究,A
2025年1月1日 - 至今,中文,CSSCI,经济学,中国农村经济,B
2025年1月1日 - 至今,中文,CSSCI,经济学,农业经济问题,B
2025年1月1日 - 至今,中文,CSSCI,经济学,经济学家,B
2025年1月1日 - 至今,中文,CSSCI,经济学,南开经济研究,B
2025年1月1日 - 至今,中文,CSSCI,经济学,中国农村观察,B
2025年1月1日 - 至今,中文,CSSCI,经济学,国际贸易问题,B
2025年1月1日 - 至今,中文,CSSCI,经济学,经济科学,B
2025年1月1日 - 至今,中文,CSSCI,经济学,财贸经济,B
2025年1月1日 - 至今,中文,CSSCI,经济学,国际金融研究,B
2025年1月1日 - 至今,中文,CSSCI,经济学,经济评论,B
2025年1月1日 - 至今,中文,CSSCI,经济学,产业经济研究,B
2025年1月1日 - 至今,中文,CSSCI,经济学,经济理论与经济管理,B
2025年1月1日 - 至今,中文,CSSCI,经济学,改革,B
2025年1月1日 - 至今,中文,CSSCI,经济学,经济社会体制比较,B
2025年1月1日 - 至今,中文,CSSCI,经济学,世界经济文汇,B
2025年1月1日 - 至今,中文,CSSCI,经济学,世界经济研究,B
2025年1月1日 - 至今,中文,CSSCI,经济学,经济学动态,B
2025年1月1日 - 至今,中文,CSSCI,经济学,国际经济评论,B
2025年1月1日 - 至今,中文,CSSCI,经济学,山西财经大学学报,B
2025年1月1日 - 至今,中文,CSSCI,经济学,上海财经大学学报,B
2025年1月1日 - 至今,中文,CSSCI,经济学,农业技术经济,B
2025年1月1日 - 至今,中文,CSSCI,经济学,国际经贸探索,B
2025年1月1日 - 至今,中文,CSSCI,经济学,当代经济科学,B
2025年1月1日 - 至今,中文,CSSCI,经济学,世界经济与政治论坛,C
2025年1月1日 - 至今,中文,CSSCI,经济学,保险研究,C
2025年1月1日 - 至今,中文,CSSCI,经济学,北京工商大学学报(社会科学版),C
2025年1月1日 - 至今,中文,CSSCI,经济学,财经科学,C
2025年1月1日 - 至今,中文,CSSCI,经济学,财经理论与实践,C
2025年1月1日 - 至今,中文,CSSCI,经济学,财经论丛(浙江财经大学学报),C
2025年1月1日 - 至今,中文,CSSCI,经济学,财经问题研究,C
2025年1月1日 - 至今,中文,CSSCI,经济学,财贸研究,C
2025年1月1日 - 至今,中文,CSSCI,经济学,财政研究,C
2025年1月1日 - 至今,中文,CSSCI,经济学,当代财经,C
2025年1月1日 - 至今,中文,CSSCI,经济学,当代经济研究,C
2025年1月1日 - 至今,中文,CSSCI,经济学,广东财经大学学报,C
2025年1月1日 - 至今,中文,CSSCI,经济学,贵州财经大学学报,C
2025年1月1日 - 至今,中文,CSSCI,经济学,国际经济合作,C
2025年1月1日 - 至今,中文,CSSCI,经济学,国际贸易,C
2025年1月1日 - 至今,中文,CSSCI,经济学,国际商务(对外经济贸易大学学报),C
2025年1月1日 - 至今,中文,CSSCI,经济学,国际税收,C
2025年1月1日 - 至今,中文,CSSCI,经济学,宏观经济研究,C
2025年1月1日 - 至今,中文,CSSCI,经济学,金融经济学研究,C
2025年1月1日 - 至今,中文,CSSCI,经济学,金融评论,C
2025年1月1日 - 至今,中文,CSSCI,经济学,经济经纬,C
2025年1月1日 - 至今,中文,CSSCI,经济学,经济论文,C
2025年1月1日 - 至今,中文,CSSCI,经济学,经济论文丛刊,C
2025年1月1日 - 至今,中文,CSSCI,经济学,经济问题,C
2025年1月1日 - 至今,中文,CSSCI,经济学,经济问题探索,C
2025年1月1日 - 至今,中文,CSSCI,经济学,经济学报,C
2025年1月1日 - 至今,中文,CSSCI,经济学,经济与管理评论,C
2025年1月1日 - 至今,中文,CSSCI,经济学,经济与管理研究,C
2025年1月1日 - 至今,中文,CSSCI,经济学,经济纵横,C
2025年1月1日 - 至今,中文,CSSCI,经济学,劳动经济研究,C
2025年1月1日 - 至今,中文,CSSCI,经济学,南方经济,C
2025年1月1日 - 至今,中文,CSSCI,经济学,农村经济,C
2025年1月1日 - 至今,中文,CSSCI,经济学,上海经济研究,C
2025年1月1日 - 至今,中文,CSSCI,经济学,税务研究,C
2025年1月1日 - 至今,中文,CSSCI,经济学,台湾经济预测与政策,C
2025年1月1日 - 至今,中文,CSSCI,经济学,西安财经大学学报,C
2025年1月1日 - 至今,中文,CSSCI,经济学,现代财经(天津财经大学学报),C
2025年1月1日 - 至今,中文,CSSCI,经济学,现代金融研究,C
2025年1月1日 - 至今,中文,CSSCI,经济学,现代经济探讨,C
2025年1月1日 - 至今,中文,CSSCI,经济学,亚太经济,C
2025年1月1日 - 至今,中文,CSSCI,经济学,证券市场导报,C
2025年1月1日 - 至今,中文,CSSCI,经济学,政治经济学评论,C
2025年1月1日 - 至今,中文,CSSCI,经济学,中国经济问题,C
2025年1月1日 - 至今,中文,CSSCI,经济学,中国流通经济,C
2025年1月1日 - 至今,中文,CSSCI,经济学,中央财经大学学报,C
2025年1月1日 - 至今,中文,CSSCI,考古学,文物,A
2025年1月1日 - 至今,中文,CSSCI,考古学,考古,B
2025年1月1日 - 至今,中文,CSSCI,考古学,考古学报,B
2025年1月1日 - 至今,中文,CSSCI,考古学,故宫博物院院刊,C
2025年1月1日 - 至今,中文,CSSCI,考古学,江汉考古,C
2025年1月1日 - 至今,中文,CSSCI,考古学,考古与文物,C
2025年1月1日 - 至今,中文,CSSCI,考古学,中原文物,C
2025年1月1日 - 至今,中文,CSSCI,历史学,历史研究,A
2025年1月1日 - 至今,中文,CSSCI,历史学,近代史研究,A
2025年1月1日 - 至今,中文,CSSCI,历史学,中国经济史研究,A
2025年1月1日 - 至今,中文,CSSCI,历史学,史学月刊,B
2025年1月1日 - 至今,中文,CSSCI,历史学,中国史研究,B
2025年1月1日 - 至今,中文,CSSCI,历史学,史学集刊,B
2025年1月1日 - 至今,中文,CSSCI,历史学,抗日战争研究,B
2025年1月1日 - 至今,中文,CSSCI,历史学,安徽史学,B
2025年1月1日 - 至今,中文,CSSCI,历史学,清史研究,B
2025年1月1日 - 至今,中文,CSSCI,历史学,史林,B
2025年1月1日 - 至今,中文,CSSCI,历史学,中国社会经济史研究,B
2025年1月1日 - 至今,中文,CSSCI,历史学,当代中国史研究,B
2025年1月1日 - 至今,中文,CSSCI,历史学,东南文化,C
2025年1月1日 - 至今,中文,CSSCI,历史学,古代文明,C
2025年1月1日 - 至今,中文,CSSCI,历史学,华侨华人历史研究,C
2025年1月1日 - 至今,中文,CSSCI,历史学,经济社会史评论,C
2025年1月1日 - 至今,中文,CSSCI,历史学,历史档案,C
2025年1月1日 - 至今,中文,CSSCI,历史学,历史人类学学刊,C
2025年1月1日 - 至今,中文,CSSCI,历史学,历史语言研究所集刊,C
2025年1月1日 - 至今,中文,CSSCI,历史学,民国档案,C
2025年1月1日 - 至今,中文,CSSCI,历史学,日本侵华南京大屠杀研究,C
2025年1月1日 - 至今,中文,CSSCI,历史学,史学理论研究,C
2025年1月1日 - 至今,中文,CSSCI,历史学,史学史研究,C
2025年1月1日 - 至今,中文,CSSCI,历史学,世界历史,C
2025年1月1日 - 至今,中文,CSSCI,历史学,世界历史评论,C
2025年1月1日 - 至今,中文,CSSCI,历史学,文史,C
2025年1月1日 - 至今,中文,CSSCI,历史学,文献,C
2025年1月1日 - 至今,中文,CSSCI,历史学,中国科技史杂志,C
2025年1月1日 - 至今,中文,CSSCI,历史学,中国农史,C
2025年1月1日 - 至今,中文,CSSCI,历史学,中国史研究动态,C
2025年1月1日 - 至今,中文,CSSCI,历史学,中华文史论丛,C
2025年1月1日 - 至今,中文,CSSCI,马克思主义理论,求是,A
2025年1月1日 - 至今,中文,CSSCI,马克思主义理论,中国特色社会主义研究,A
2025年1月1日 - 至今,中文,CSSCI,马克思主义理论,马克思主义与现实,A
2025年1月1日 - 至今,中文,CSSCI,马克思主义理论,马克思主义研究,B
2025年1月1日 - 至今,中文,CSSCI,马克思主义理论,社会主义研究,B
2025年1月1日 - 至今,中文,CSSCI,马克思主义理论,教学与研究,B
2025年1月1日 - 至今,中文,CSSCI,马克思主义理论,党建,B
2025年1月1日 - 至今,中文,CSSCI,马克思主义理论,国外理论动态,B
2025年1月1日 - 至今,中文,CSSCI,马克思主义理论,当代世界与社会主义,B
2025年1月1日 - 至今,中文,CSSCI,马克思主义理论,光明日报·理论版,B
2025年1月1日 - 至今,中文,CSSCI,马克思主义理论,人民日报·理论版,B
2025年1月1日 - 至今,中文,CSSCI,马克思主义理论,红旗文稿,C
2025年1月1日 - 至今,中文,CSSCI,马克思主义理论,当代世界社会主义问题,C
2025年1月1日 - 至今,中文,CSSCI,马克思主义理论,党的文献,C
2025年1月1日 - 至今,中文,CSSCI,马克思主义理论,党史研究与教学,C
2025年1月1日 - 至今,中文,CSSCI,马克思主义理论,科学社会主义,C
2025年1月1日 - 至今,中文,CSSCI,马克思主义理论,理论视野,C
2025年1月1日 - 至今,中文,CSSCI,马克思主义理论,马克思主义理论学科研究,C
2025年1月1日 - 至今,中文,CSSCI,马克思主义理论,毛泽东邓小平理论研究,C
2025年1月1日 - 至今,中文,CSSCI,马克思主义理论,世界社会主义研究,C
2025年1月1日 - 至今,中文,CSSCI,马克思主义理论,思想教育研究,C
2025年1月1日 - 至今,中文,CSSCI,马克思主义理论,思想理论教育,C
2025年1月1日 - 至今,中文,CSSCI,马克思主义理论,思想理论教育导刊,C
2025年1月1日 - 至今,中文,CSSCI,马克思主义理论,统一战线学研究,C
2025年1月1日 - 至今,中文,CSSCI,马克思主义理论,中共党史研究,C
2025年1月1日 - 至今,中文,CSSCI,民族学与文化学,民族研究,A
2025年1月1日 - 至今,中文,CSSCI,民族学与文化学,西南民族大学学报(人文社会科学版),A
2025年1月1日 - 至今,中文,CSSCI,民族学与文化学,云南民族大学学报(哲学社会科学版),B
2025年1月1日 - 至今,中文,CSSCI,民族学与文化学,中南民族大学学报(人文社会科学版),B
2025年1月1日 - 至今,中文,CSSCI,民族学与文化学,中央民族大学学报(哲学社会科学版),B
2025年1月1日 - 至今,中文,CSSCI,民族学与文化学,广西民族研究,B
2025年1月1日 - 至今,中文,CSSCI,民族学与文化学,青海民族研究,B
2025年1月1日 - 至今,中文,CSSCI,民族学与文化学,贵州民族研究,C
2025年1月1日 - 至今,中文,CSSCI,民族学与文化学,湖北民族大学学报(哲学社会科学版),C
2025年1月1日 - 至今,中文,CSSCI,民族学与文化学,民族教育研究,C
2025年1月1日 - 至今,中文,CSSCI,民族学与文化学,民族学刊,C
2025年1月1日 - 至今,中文,CSSCI,民族学与文化学,北方民族大学学报(哲学社会科学版),C
2025年1月1日 - 至今,中文,CSSCI,民族学与文化学,西北民族研究,C
2025年1月1日 - 至今,中文,CSSCI,民族学与文化学,西藏研究(藏文),C
2025年1月1日 - 至今,中文,CSSCI,民族学与文化学,中国藏学,C
2025年1月1日 - 至今,中文,CSSCI,民族学与文化学,中国藏学(藏文),C
2025年1月1日 - 至今,中文,CSSCI,人文经济地理,地理学报(北京),A
2025年1月1日 - 至今,中文,CSSCI,人文经济地理,地理研究,B
2025年1月1日 - 至今,中文,CSSCI,人文经济地理,经济地理,B
2025年1月1日 - 至今,中文,CSSCI,人文经济地理,地理科学,B
2025年1月1日 - 至今,中文,CSSCI,人文经济地理,地理科学进展,B
2025年1月1日 - 至今,中文,CSSCI,人文经济地理,城市发展研究,C
2025年1月1日 - 至今,中文,CSSCI,人文经济地理,城市规划,C
2025年1月1日 - 至今,中文,CSSCI,人文经济地理,城市规划学刊,C
2025年1月1日 - 至今,中文,CSSCI,人文经济地理,城市问题,C
2025年1月1日 - 至今,中文,CSSCI,人文经济地理,地理学报(台湾),C
2025年1月1日 - 至今,中文,CSSCI,人文经济地理,旅游科学,C
2025年1月1日 - 至今,中文,CSSCI,人文经济地理,旅游学刊,C
2025年1月1日 - 至今,中文,CSSCI,人文经济地理,人文地理,C
2025年1月1日 - 至今,中文,CSSCI,社会学,社会学研究,A
2025年1月1日 - 至今,中文,CSSCI,社会学,人口研究,A
2025年1月1日 - 至今,中文,CSSCI,社会学,社会,B
2025年1月1日 - 至今,中文,CSSCI,社会学,中国人口科学,B
2025年1月1日 - 至今,中文,CSSCI,社会学,人口与经济,B
2025年1月1日 - 至今,中文,CSSCI,社会学,人口学刊,B
2025年1月1日 - 至今,中文,CSSCI,社会学,人口与发展,B
2025年1月1日 - 至今,中文,CSSCI,社会学,残疾人研究,C
2025年1月1日 - 至今,中文,CSSCI,社会学,青年研究,C
2025年1月1日 - 至今,中文,CSSCI,社会学,妇女研究论丛,C
2025年1月1日 - 至今,中文,CSSCI,社会学,社会发展研究,C
2025年1月1日 - 至今,中文,CSSCI,社会学,社会建设,C
2025年1月1日 - 至今,中文,CSSCI,社会学,社会学评论,C
2025年1月1日 - 至今,中文,CSSCI,社会学,台大社会工作学利,C
2025年1月1日 - 至今,中文,CSSCI,社会学,中国青年研究,C
2025年1月1日 - 至今,中文,CSSCI,体育学,体育科学,A
2025年1月1日 - 至今,中文,CSSCI,体育学,上海体育大学学报,B
2025年1月1日 - 至今,中文,CSSCI,体育学,北京体育大学学报,B
2025年1月1日 - 至今,中文,CSSCI,体育学,体育与科学,B
2025年1月1日 - 至今,中文,CSSCI,体育学,体育学刊,B
2025年1月1日 - 至今,中文,CSSCI,体育学,成都体育学院学报,C
2025年1月1日 - 至今,中文,CSSCI,体育学,沈阳体育学院学报,C
2025年1月1日 - 至今,中文,CSSCI,体育学,体育学报,C
2025年1月1日 - 至今,中文,CSSCI,体育学,体育学研究,C
2025年1月1日 - 至今,中文,CSSCI,体育学,天津体育学院学报,C
2025年1月1日 - 至今,中文,CSSCI,体育学,武汉体育学院学报,C
2025年1月1日 - 至今,中文,CSSCI,体育学,西安体育学院学报,C
2025年1月1日 - 至今,中文,CSSCI,体育学,中国体育科技,C
2025年1月1日 - 至今,中文,CSSCI,统计学,统计研究,B
2025年1月1日 - 至今,中文,CSSCI,统计学,数理统计与管理,C
2025年1月1日 - 至今,中文,CSSCI,统计学,统计与决策,C
2025年1月1日 - 至今,中文,CSSCI,统计学,统计与信息论坛,C
2025年1月1日 - 至今,中文,CSSCI,外国文学,外国文学评论,A
2025年1月1日 - 至今,中文,CSSCI,外国文学,外国文学研究,B
2025年1月1日 - 至今,中文,CSSCI,外国文学,外国文学,B
2025年1月1日 - 至今,中文,CSSCI,外国文学,国外文学,C
2025年1月1日 - 至今,中文,CSSCI,外国文学,当代外国文学,C
2025年1月1日 - 至今,中文,CSSCI,外国文学,外国文学动态研究,C
2025年1月1日 - 至今,中文,CSSCI,心理学,心理学报,A
2025年1月1日 - 至今,中文,CSSCI,心理学,心理发展与教育,B
2025年1月1日 - 至今,中文,CSSCI,心理学,心理科学进展,B
2025年1月1日 - 至今,中文,CSSCI,心理学,心理科学,C
2025年1月1日 - 至今,中文,CSSCI,心理学,心理与行为研究,C
2025年1月1日 - 至今,中文,CSSCI,心理学,应用心理学,C
2025年1月1日 - 至今,中文,CSSCI,心理学,中国临床心理学杂志,C
2025年1月1日 - 至今,中文,CSSCI,新闻学与传播学,新闻与传播研究,A
2025年1月1日 - 至今,中文,CSSCI,新闻学与传播学,中国科技期刊研究,A
2025年1月1日 - 至今,中文,CSSCI,新闻学与传播学,编辑学报,B
2025年1月1日 - 至今,中文,CSSCI,新闻学与传播学,新闻记者,B
2025年1月1日 - 至今,中文,CSSCI,新闻学与传播学,国际新闻界,B
2025年1月1日 - 至今,中文,CSSCI,新闻学与传播学,新闻大学,B
2025年1月1日 - 至今,中文,CSSCI,新闻学与传播学,科技与出版,B
2025年1月1日 - 至今,中文,CSSCI,新闻学与传播学,现代传播：中国传媒大学学报,B
2025年1月1日 - 至今,中文,CSSCI,新闻学与传播学,编辑之友,C
2025年1月1日 - 至今,中文,CSSCI,新闻学与传播学,出版发行研究,C
2025年1月1日 - 至今,中文,CSSCI,新闻学与传播学,出版科学,C
2025年1月1日 - 至今,中文,CSSCI,新闻学与传播学,传媒观察,C
2025年1月1日 - 至今,中文,CSSCI,新闻学与传播学,当代传播,C
2025年1月1日 - 至今,中文,CSSCI,新闻学与传播学,全球传媒学刊,C
2025年1月1日 - 至今,中文,CSSCI,新闻学与传播学,现代出版,C
2025年1月1日 - 至今,中文,CSSCI,新闻学与传播学,新闻界,C
2025年1月1日 - 至今,中文,CSSCI,新闻学与传播学,新闻与传播评论,C
2025年1月1日 - 至今,中文,CSSCI,新闻学与传播学,新闻与写作,C
2025年1月1日 - 至今,中文,CSSCI,新闻学与传播学,中国编辑,C
2025年1月1日 - 至今,中文,CSSCI,新闻学与传播学,中国出版,C
2025年1月1日 - 至今,中文,CSSCI,信息资源管理,中国图书馆学报,A
2025年1月1日 - 至今,中文,CSSCI,信息资源管理,情报资料工作,A
2025年1月1日 - 至今,中文,CSSCI,信息资源管理,图书情报工作,B
2025年1月1日 - 至今,中文,CSSCI,信息资源管理,图书情报知识,B
2025年1月1日 - 至今,中文,CSSCI,信息资源管理,大学图书馆学报,B
2025年1月1日 - 至今,中文,CSSCI,信息资源管理,情报理论与实践,B
2025年1月1日 - 至今,中文,CSSCI,信息资源管理,情报杂志,B
2025年1月1日 - 至今,中文,CSSCI,信息资源管理,档案学通讯,B
2025年1月1日 - 至今,中文,CSSCI,信息资源管理,图书与情报,B
2025年1月1日 - 至今,中文,CSSCI,信息资源管理,国家图书馆学刊,C
2025年1月1日 - 至今,中文,CSSCI,信息资源管理,档案学研究,C
2025年1月1日 - 至今,中文,CSSCI,信息资源管理,情报科学,C
2025年1月1日 - 至今,中文,CSSCI,信息资源管理,情报学报,C
2025年1月1日 - 至今,中文,CSSCI,信息资源管理,数据分析与知识发现,C
2025年1月1日 - 至今,中文,CSSCI,信息资源管理,图书馆,C
2025年1月1日 - 至今,中文,CSSCI,信息资源管理,图书馆建设,C
2025年1月1日 - 至今,中文,CSSCI,信息资源管理,图书馆论坛,C
2025年1月1日 - 至今,中文,CSSCI,信息资源管理,图书馆学研究,C
2025年1月1日 - 至今,中文,CSSCI,信息资源管理,图书馆杂志,C
2025年1月1日 - 至今,中文,CSSCI,信息资源管理,图书资讯学刊,C
2025年1月1日 - 至今,中文,CSSCI,信息资源管理,现代情报,C
2025年1月1日 - 至今,中文,CSSCI,信息资源管理,信息资源管理学报,C
2025年1月1日 - 至今,中文,CSSCI,艺术学,文艺研究,A
2025年1月1日 - 至今,中文,CSSCI,艺术学,民族艺术,A
2025年1月1日 - 至今,中文,CSSCI,艺术学,电影艺术,A
2025年1月1日 - 至今,中文,CSSCI,艺术学,北京电影学院学报,B
2025年1月1日 - 至今,中文,CSSCI,艺术学,当代电影,B
2025年1月1日 - 至今,中文,CSSCI,艺术学,音乐研究,B
2025年1月1日 - 至今,中文,CSSCI,艺术学,中国电视,B
2025年1月1日 - 至今,中文,CSSCI,艺术学,中国音乐学,B
2025年1月1日 - 至今,中文,CSSCI,艺术学,中央音乐学院学报,B
2025年1月1日 - 至今,中文,CSSCI,艺术学,音乐艺术(上海音乐学院学报),B
2025年1月1日 - 至今,中文,CSSCI,艺术学,建筑学报,B
2025年1月1日 - 至今,中文,CSSCI,艺术学,戏剧艺术(上海戏剧学院学报),B
2025年1月1日 - 至今,中文,CSSCI,艺术学,北京舞蹈学院学报,C
2025年1月1日 - 至今,中文,CSSCI,艺术学,电视研究,C
2025年1月1日 - 至今,中文,CSSCI,艺术学,美术,C
2025年1月1日 - 至今,中文,CSSCI,艺术学,美术研究,C
2025年1月1日 - 至今,中文,CSSCI,艺术学,民族艺术研究,C
2025年1月1日 - 至今,中文,CSSCI,艺术学,南京艺术学院学报(美术与设计),C
2025年1月1日 - 至今,中文,CSSCI,艺术学,设计学报,C
2025年1月1日 - 至今,中文,CSSCI,艺术学,书法研究,C
2025年1月1日 - 至今,中文,CSSCI,艺术学,台湾大学美术史研究集刊,C
2025年1月1日 - 至今,中文,CSSCI,艺术学,戏剧(中央戏剧学院学报),C
2025年1月1日 - 至今,中文,CSSCI,艺术学,戏曲艺术,C
2025年1月1日 - 至今,中文,CSSCI,艺术学,新美术,C
2025年1月1日 - 至今,中文,CSSCI,艺术学,艺术设计研究(中英文),C
2025年1月1日 - 至今,中文,CSSCI,艺术学,中国书法,C
2025年1月1日 - 至今,中文,CSSCI,艺术学,中国文艺评论,C
2025年1月1日 - 至今,中文,CSSCI,艺术学,中国音乐,C
2025年1月1日 - 至今,中文,CSSCI,艺术学,装饰,C
2025年1月1日 - 至今,中文,CSSCI,语言学,外语教学与研究,A
2025年1月1日 - 至今,中文,CSSCI,语言学,外语界,A
2025年1月1日 - 至今,中文,CSSCI,语言学,中国语文,A
2025年1月1日 - 至今,中文,CSSCI,语言学,现代外语,B
2025年1月1日 - 至今,中文,CSSCI,语言学,中国外语,B
2025年1月1日 - 至今,中文,CSSCI,语言学,外国语,B
2025年1月1日 - 至今,中文,CSSCI,语言学,外语与外语教学,B
2025年1月1日 - 至今,中文,CSSCI,语言学,中国翻译,B
2025年1月1日 - 至今,中文,CSSCI,语言学,世界汉语教学,B
2025年1月1日 - 至今,中文,CSSCI,语言学,当代修辞学,B
2025年1月1日 - 至今,中文,CSSCI,语言学,当代语言学,B
2025年1月1日 - 至今,中文,CSSCI,语言学,语言教学与研究,B
2025年1月1日 - 至今,中文,CSSCI,语言学,当代外语研究,C
2025年1月1日 - 至今,中文,CSSCI,语言学,外语电化教学,C
2025年1月1日 - 至今,中文,CSSCI,语言学,外语教学理论与实践,C
2025年1月1日 - 至今,中文,CSSCI,语言学,方言,C
2025年1月1日 - 至今,中文,CSSCI,语言学,古汉语研究,C
2025年1月1日 - 至今,中文,CSSCI,语言学,汉语学报,C
2025年1月1日 - 至今,中文,CSSCI,语言学,汉语学习,C
2025年1月1日 - 至今,中文,CSSCI,语言学,民族语文,C
2025年1月1日 - 至今,中文,CSSCI,语言学,上海翻译(中英文),C
2025年1月1日 - 至今,中文,CSSCI,语言学,外语导刊,C
2025年1月1日 - 至今,中文,CSSCI,语言学,外语教学,C
2025年1月1日 - 至今,中文,CSSCI,语言学,外语教育研究前沿,C
2025年1月1日 - 至今,中文,CSSCI,语言学,语文研究,C
2025年1月1日 - 至今,中文,CSSCI,语言学,语言科学,C
2025年1月1日 - 至今,中文,CSSCI,语言学,语言文字应用,C
2025年1月1日 - 至今,中文,CSSCI,语言学,语言研究,C
2025年1月1日 - 至今,中文,CSSCI,语言学,语言战略研究,C
2025年1月1日 - 至今,中文,CSSCI,语言学,中国语文通讯,C
2025年1月1日 - 至今,中文,CSSCI,语言学,中国语文研究,C
2025年1月1日 - 至今,中文,CSSCI,哲学,哲学研究,A
2025年1月1日 - 至今,中文,CSSCI,哲学,自然辩证法研究,B
2025年1月1日 - 至今,中文,CSSCI,哲学,哲学动态,B
2025年1月1日 - 至今,中文,CSSCI,哲学,自然辩证法通讯,B
2025年1月1日 - 至今,中文,CSSCI,哲学,伦理学研究,B
2025年1月1日 - 至今,中文,CSSCI,哲学,世界哲学,C
2025年1月1日 - 至今,中文,CSSCI,哲学,道德与文明,C
2025年1月1日 - 至今,中文,CSSCI,哲学,科学技术哲学研究,C
2025年1月1日 - 至今,中文,CSSCI,哲学,逻辑学研究,C
2025年1月1日 - 至今,中文,CSSCI,哲学,现代哲学,C
2025年1月1日 - 至今,中文,CSSCI,哲学,哲学分析,C
2025年1月1日 - 至今,中文,CSSCI,哲学,哲学与文化,C
2025年1月1日 - 至今,中文,CSSCI,哲学,政治大学哲学学报,C
2025年1月1日 - 至今,中文,CSSCI,哲学,中国哲学史,C
2025年1月1日 - 至今,中文,CSSCI,政治学,世界经济与政治,A
2025年1月1日 - 至今,中文,CSSCI,政治学,政治学研究,A
2025年1月1日 - 至今,中文,CSSCI,政治学,国际问题研究,A
2025年1月1日 - 至今,中文,CSSCI,政治学,当代亚太,A
2025年1月1日 - 至今,中文,CSSCI,政治学,中共中央党校(国家行政学院)学报,A
2025年1月1日 - 至今,中文,CSSCI,政治学,外交评论(外交学院学报),B
2025年1月1日 - 至今,中文,CSSCI,政治学,公共行政评论,B
2025年1月1日 - 至今,中文,CSSCI,政治学,东北亚论坛,B
2025年1月1日 - 至今,中文,CSSCI,政治学,国际政治研究,B
2025年1月1日 - 至今,中文,CSSCI,政治学,国际观察,B
2025年1月1日 - 至今,中文,CSSCI,政治学,国际安全研究,B
2025年1月1日 - 至今,中文,CSSCI,政治学,现代国际关系,B
2025年1月1日 - 至今,中文,CSSCI,政治学,行政论坛,B
2025年1月1日 - 至今,中文,CSSCI,政治学,国际政治科学,B
2025年1月1日 - 至今,中文,CSSCI,政治学,上海行政学院学报,B
2025年1月1日 - 至今,中文,CSSCI,政治学,国际展望,B
2025年1月1日 - 至今,中文,CSSCI,政治学,欧洲研究,B
2025年1月1日 - 至今,中文,CSSCI,政治学,理论探索,B
2025年1月1日 - 至今,中文,CSSCI,政治学,美国研究,B
2025年1月1日 - 至今,中文,CSSCI,政治学,求实,C
2025年1月1日 - 至今,中文,CSSCI,政治学,北京行政学院学报,C
2025年1月1日 - 至今,中文,CSSCI,政治学,当代美国评论,C
2025年1月1日 - 至今,中文,CSSCI,政治学,当代世界,C
2025年1月1日 - 至今,中文,CSSCI,政治学,德国研究,C
2025年1月1日 - 至今,中文,CSSCI,政治学,东南亚研究,C
2025年1月1日 - 至今,中文,CSSCI,政治学,甘肃行政学院学报,C
2025年1月1日 - 至今,中文,CSSCI,政治学,港澳研究,C
2025年1月1日 - 至今,中文,CSSCI,政治学,公共行政学报,C
2025年1月1日 - 至今,中文,CSSCI,政治学,国际关系研究,C
2025年1月1日 - 至今,中文,CSSCI,政治学,国际论坛,C
2025年1月1日 - 至今,中文,CSSCI,政治学,和平与发展,C
2025年1月1日 - 至今,中文,CSSCI,政治学,江苏行政学院学报,C
2025年1月1日 - 至今,中文,CSSCI,政治学,理论探讨,C
2025年1月1日 - 至今,中文,CSSCI,政治学,理论学刊,C
2025年1月1日 - 至今,中文,CSSCI,政治学,理论与改革,C
2025年1月1日 - 至今,中文,CSSCI,政治学,南洋问题研究,C
2025年1月1日 - 至今,中文,CSSCI,政治学,人权,C
2025年1月1日 - 至今,中文,CSSCI,政治学,日本学刊,C
2025年1月1日 - 至今,中文,CSSCI,政治学,台湾研究,C
2025年1月1日 - 至今,中文,CSSCI,政治学,太平洋学报,C
2025年1月1日 - 至今,中文,CSSCI,政治学,探索,C
2025年1月1日 - 至今,中文,CSSCI,政治学,西亚非洲,C
2025年1月1日 - 至今,中文,CSSCI,政治学,亚太安全与海洋研究,C
2025年1月1日 - 至今,中文,CSSCI,政治学,中国评论,C
2025年1月1日 - 至今,中文,CSSCI,政治学,中国人民公安大学学报(社会科学版),C
2025年1月1日 - 至今,中文,CSSCI,中国文学,文学评论,A
2025年1月1日 - 至今,中文,CSSCI,中国文学,文艺理论研究,A
2025年1月1日 - 至今,中文,CSSCI,中国文学,文学遗产,B
2025年1月1日 - 至今,中文,CSSCI,中国文学,当代作家评论,B
2025年1月1日 - 至今,中文,CSSCI,中国文学,中国比较文学,B
2025年1月1日 - 至今,中文,CSSCI,中国文学,文艺争鸣,B
2025年1月1日 - 至今,中文,CSSCI,中国文学,中国文学研究,B
2025年1月1日 - 至今,中文,CSSCI,中国文学,中国现代文学研究丛刊,B
2025年1月1日 - 至今,中文,CSSCI,中国文学,南方文坛,B
2025年1月1日 - 至今,中文,CSSCI,中国文学,民族文学研究,C
2025年1月1日 - 至今,中文,CSSCI,中国文学,当代文坛,C
2025年1月1日 - 至今,中文,CSSCI,中国文学,岭南学报,C
2025年1月1日 - 至今,中文,CSSCI,中国文学,鲁迅研究月刊,C
2025年1月1日 - 至今,中文,CSSCI,中国文学,清华中文学报,C
2025年1月1日 - 至今,中文,CSSCI,中国文学,人文中国学报,C
2025年1月1日 - 至今,中文,CSSCI,中国文学,台大中文学报,C
2025年1月1日 - 至今,中文,CSSCI,中国文学,文艺理论与批评,C
2025年1月1日 - 至今,中文,CSSCI,中国文学,文与哲,C
2025年1月1日 - 至今,中文,CSSCI,中国文学,现代中文学刊,C
2025年1月1日 - 至今,中文,CSSCI,中国文学,小说评论,C
2025年1月1日 - 至今,中文,CSSCI,中国文学,新文学史料,C
2025年1月1日 - 至今,中文,CSSCI,中国文学,扬子江文学评论,C
2025年1月1日 - 至今,中文,CSSCI,中国文学,中国当代文学研究,C
2025年1月1日 - 至今,中文,CSSCI,中国文学,中国文学批评,C
2025年1月1日 - 至今,中文,CSSCI,中华传统文化,中国边疆史地研究,A
2025年1月1日 - 至今,中文,CSSCI,中华传统文化,周易研究,B
2025年1月1日 - 至今,中文,CSSCI,中华传统文化,民俗研究,B
2025年1月1日 - 至今,中文,CSSCI,中华传统文化,西域研究,B
2025年1月1日 - 至今,中文,CSSCI,中华传统文化,中国历史地理论丛,B
2025年1月1日 - 至今,中文,CSSCI,中华传统文化,出土文献,C
2025年1月1日 - 至今,中文,CSSCI,中华传统文化,敦煌学辑刊,C
2025年1月1日 - 至今,中文,CSSCI,中华传统文化,敦煌研究,C
2025年1月1日 - 至今,中文,CSSCI,中华传统文化,国际汉学,C
2025年1月1日 - 至今,中文,CSSCI,中华传统文化,孔子研究,C
2025年1月1日 - 至今,中文,CSSCI,中华传统文化,历史地理研究,C
2025年1月1日 - 至今,中文,CSSCI,中华传统文化,文化遗产,C
2025年1月1日 - 至今,中文,CSSCI,中华传统文化,文化杂志,C
2025年1月1日 - 至今,中文,CSSCI,自然资源与环境科学,中国人口·资源与环境,A
2025年1月1日 - 至今,中文,CSSCI,自然资源与环境科学,资源科学,B
2025年1月1日 - 至今,中文,CSSCI,自然资源与环境科学,中国土地科学,B
2025年1月1日 - 至今,中文,CSSCI,自然资源与环境科学,长江流域资源与环境,C
2025年1月1日 - 至今,中文,CSSCI,自然资源与环境科学,生态文明研究,C
2025年1月1日 - 至今,中文,CSSCI,自然资源与环境科学,中国环境管理,C
2025年1月1日 - 至今,中文,CSSCI,自然资源与环境科学,自然资源学报,C
2025年1月1日 - 至今,中文,CSSCI,宗教学,世界宗教文化,B
2025年1月1日 - 至今,中文,CSSCI,宗教学,世界宗教研究,C
2025年1月1日 - 至今,中文,CSSCI,宗教学,宗教学研究,C
2025年1月1日 - 至今,中文,CSSCI,综合性社会科学,中国社会科学,A
2025年1月1日 - 至今,中文,CSSCI,综合性社会科学,开放时代,A
2025年1月1日 - 至今,中文,CSSCI,综合性社会科学,学术月刊,A
2025年1月1日 - 至今,中文,CSSCI,综合性社会科学,南京社会科学,A
2025年1月1日 - 至今,中文,CSSCI,综合性社会科学,社会科学,A
2025年1月1日 - 至今,中文,CSSCI,综合性社会科学,探索与争鸣,B
2025年1月1日 - 至今,中文,CSSCI,综合性社会科学,文化纵横,B
2025年1月1日 - 至今,中文,CSSCI,综合性社会科学,学海,B
2025年1月1日 - 至今,中文,CSSCI,综合性社会科学,江淮论坛,B
2025年1月1日 - 至今,中文,CSSCI,综合性社会科学,社会科学研究,B
2025年1月1日 - 至今,中文,CSSCI,综合性社会科学,中国高校社会科学,B
2025年1月1日 - 至今,中文,CSSCI,综合性社会科学,浙江社会科学,B
2025年1月1日 - 至今,中文,CSSCI,综合性社会科学,天津社会科学,B
2025年1月1日 - 至今,中文,CSSCI,综合性社会科学,江海学刊,B
2025年1月1日 - 至今,中文,CSSCI,综合性社会科学,江苏社会科学,B
2025年1月1日 - 至今,中文,CSSCI,综合性社会科学,贵州社会科学,B
2025年1月1日 - 至今,中文,CSSCI,综合性社会科学,思想战线,B
2025年1月1日 - 至今,中文,CSSCI,综合性社会科学,学术研究,B
2025年1月1日 - 至今,中文,CSSCI,综合性社会科学,学术前沿,B
2025年1月1日 - 至今,中文,CSSCI,综合性社会科学,学习与探索,B
2025年1月1日 - 至今,中文,CSSCI,综合性社会科学,广东社会科学,B
2025年1月1日 - 至今,中文,CSSCI,综合性社会科学,重庆社会科学,C
2025年1月1日 - 至今,中文,CSSCI,综合性社会科学,东南学术,C
2025年1月1日 - 至今,中文,CSSCI,综合性社会科学,东岳论丛,C
2025年1月1日 - 至今,中文,CSSCI,综合性社会科学,读书,C
2025年1月1日 - 至今,中文,CSSCI,综合性社会科学,福建论坛(人文社会科学版）,C
2025年1月1日 - 至今,中文,CSSCI,综合性社会科学,甘肃社会科学,C
2025年1月1日 - 至今,中文,CSSCI,综合性社会科学,河北学刊,C
2025年1月1日 - 至今,中文,CSSCI,综合性社会科学,江汉论坛,C
2025年1月1日 - 至今,中文,CSSCI,综合性社会科学,江西社会科学,C
2025年1月1日 - 至今,中文,CSSCI,综合性社会科学,南国学术,C
2025年1月1日 - 至今,中文,CSSCI,综合性社会科学,内蒙古社会科学,C
2025年1月1日 - 至今,中文,CSSCI,综合性社会科学,宁夏社会科学,C
2025年1月1日 - 至今,中文,CSSCI,综合性社会科学,青海社会科学,C
2025年1月1日 - 至今,中文,CSSCI,综合性社会科学,求是学刊,C
2025年1月1日 - 至今,中文,CSSCI,综合性社会科学,求索,C
2025年1月1日 - 至今,中文,CSSCI,综合性社会科学,人民论坛,C
2025年1月1日 - 至今,中文,CSSCI,综合性社会科学,人文杂志,C
2025年1月1日 - 至今,中文,CSSCI,综合性社会科学,山东社会科学,C
2025年1月1日 - 至今,中文,CSSCI,综合性社会科学,社会科学辑刊,C
2025年1月1日 - 至今,中文,CSSCI,综合性社会科学,社会科学战线,C
2025年1月1日 - 至今,中文,CSSCI,综合性社会科学,世界社会科学,C
2025年1月1日 - 至今,中文,CSSCI,综合性社会科学,文史哲,C
2025年1月1日 - 至今,中文,CSSCI,综合性社会科学,新疆社会科学,C
2025年1月1日 - 至今,中文,CSSCI,综合性社会科学,学术界,C
2025年1月1日 - 至今,中文,CSSCI,综合性社会科学,学术论坛,C
2025年1月1日 - 至今,中文,CSSCI,综合性社会科学,学习与实践,C
2025年1月1日 - 至今,中文,CSSCI,综合性社会科学,云南社会科学,C
2025年1月1日 - 至今,中文,CSSCI,综合性社会科学,浙江学刊,C
2025年1月1日 - 至今,中文,CSSCI,综合性社会科学,中国社会科学评价,C
2025年1月1日 - 至今,中文,CSSCI,综合性社会科学,中国文化研究所学报,C
2025年1月1日 - 至今,中文,CSSCI,综合性社会科学,中州学刊,C
2025年1月1日 - 至今,中文,CSSCI,高校学报,中国人民大学学报,A
2025年1月1日 - 至今,中文,CSSCI,高校学报,清华大学学报(哲学社会科学版),A
2025年1月1日 - 至今,中文,CSSCI,高校学报,华中师范大学学报(人文社会科学版),A
2025年1月1日 - 至今,中文,CSSCI,高校学报,浙江大学学报(人文社会科学版),A
2025年1月1日 - 至今,中文,CSSCI,高校学报,吉林大学社会科学学报,A
2025年1月1日 - 至今,中文,CSSCI,高校学报,南京农业大学学报(社会科学版),A
2025年1月1日 - 至今,中文,CSSCI,高校学报,新疆师范大学学报(哲学社会科学版),A
2025年1月1日 - 至今,中文,CSSCI,高校学报,北京大学学报(哲学社会科学版),A
2025年1月1日 - 至今,中文,CSSCI,高校学报,中国农业大学学报(社会科学版),B
2025年1月1日 - 至今,中文,CSSCI,高校学报,中国地质大学学报(社会科学版),B
2025年1月1日 - 至今,中文,CSSCI,高校学报,南京大学学报(哲学.人文科学.社会科学),B
2025年1月1日 - 至今,中文,CSSCI,高校学报,北京师范大学学报(社会科学版),B
2025年1月1日 - 至今,中文,CSSCI,高校学报,华南农业大学学报(社会科学版),B
2025年1月1日 - 至今,中文,CSSCI,高校学报,武汉大学学报(哲学社会科学版),B
2025年1月1日 - 至今,中文,CSSCI,高校学报,复旦学报(社会科学版),B
2025年1月1日 - 至今,中文,CSSCI,高校学报,山东大学学报(哲学社会科学版),B
2025年1月1日 - 至今,中文,CSSCI,高校学报,上海交通大学学报(哲学社会科学版),B
2025年1月1日 - 至今,中文,CSSCI,高校学报,华中农业大学学报(社会科学版),B
2025年1月1日 - 至今,中文,CSSCI,高校学报,南开学报(哲学社会科学版),B
2025年1月1日 - 至今,中文,CSSCI,高校学报,中山大学学报(社会科学版),B
2025年1月1日 - 至今,中文,CSSCI,高校学报,西北农林科技大学学报(社会科学版),B
2025年1月1日 - 至今,中文,CSSCI,高校学报,华中科技大学学报(社会科学版),B
2025年1月1日 - 至今,中文,CSSCI,高校学报,厦门大学学报(哲学社会科学版),B
2025年1月1日 - 至今,中文,CSSCI,高校学报,四川大学学报(哲学社会科学版),B
2025年1月1日 - 至今,中文,CSSCI,高校学报,河海大学学报(哲学社会科学版),B
2025年1月1日 - 至今,中文,CSSCI,高校学报,苏州大学学报(哲学社会科学版),B
2025年1月1日 - 至今,中文,CSSCI,高校学报,湖南师范大学社会科学学报,B
2025年1月1日 - 至今,中文,CSSCI,高校学报,江西师范大学学报(哲学社会科学版),B
2025年1月1日 - 至今,中文,CSSCI,高校学报,华东师范大学学报(哲学社会科学版),B
2025年1月1日 - 至今,中文,CSSCI,高校学报,西安交通大学学报(社会科学版),B
2025年1月1日 - 至今,中文,CSSCI,高校学报,吉首大学学报(社会科学版),B
2025年1月1日 - 至今,中文,CSSCI,高校学报,云南师范大学学报(哲学社会科学版),B
2025年1月1日 - 至今,中文,CSSCI,高校学报,安徽大学学报(哲学社会科学版),C
2025年1月1日 - 至今,中文,CSSCI,高校学报,安徽师范大学学报(社会科学版),C
2025年1月1日 - 至今,中文,CSSCI,高校学报,澳门理工学报(人文社会科学版),C
2025年1月1日 - 至今,中文,CSSCI,高校学报,北京工业大学学报(社会科学版),C
2025年1月1日 - 至今,中文,CSSCI,高校学报,北京联合大学学报(人文社会科学版),C
2025年1月1日 - 至今,中文,CSSCI,高校学报,重庆大学学报(社会科学版),C
2025年1月1日 - 至今,中文,CSSCI,高校学报,大连理工大学学报(社会科学版),C
2025年1月1日 - 至今,中文,CSSCI,高校学报,东北大学学报(社会科学版),C
2025年1月1日 - 至今,中文,CSSCI,高校学报,东北师大学报(哲学社会科学版),C
2025年1月1日 - 至今,中文,CSSCI,高校学报,东南大学学报(哲学社会科学版),C
2025年1月1日 - 至今,中文,CSSCI,高校学报,福建师范大学学报(哲学社会科学版),C
2025年1月1日 - 至今,中文,CSSCI,高校学报,广西大学学报(哲学社会科学版),C
2025年1月1日 - 至今,中文,CSSCI,高校学报,广州大学学报(社会科学版),C
2025年1月1日 - 至今,中文,CSSCI,高校学报,海南大学学报(人文社会科学版),C
2025年1月1日 - 至今,中文,CSSCI,高校学报,河南大学学报(社会科学版),C
2025年1月1日 - 至今,中文,CSSCI,高校学报,河南师范大学学报(哲学社会科学版),C
2025年1月1日 - 至今,中文,CSSCI,高校学报,湖北大学学报(哲学社会科学版),C
2025年1月1日 - 至今,中文,CSSCI,高校学报,湖南大学学报(社会科学版),C
2025年1月1日 - 至今,中文,CSSCI,高校学报,湖南科技大学学报(社会科学版),C
2025年1月1日 - 至今,中文,CSSCI,高校学报,华南师范大学学报(社会科学版),C
2025年1月1日 - 至今,中文,CSSCI,高校学报,济南大学学报(社会科学版),C
2025年1月1日 - 至今,中文,CSSCI,高校学报,暨南学报(哲学社会科学版),C
2025年1月1日 - 至今,中文,CSSCI,高校学报,兰州大学学报(社会科学版),C
2025年1月1日 - 至今,中文,CSSCI,高校学报,南昌大学学报(人文社会科学版),C
2025年1月1日 - 至今,中文,CSSCI,高校学报,南京师大学报(社会科学版,C
2025年1月1日 - 至今,中文,CSSCI,高校学报,南通大学学报(社会科学版),C
2025年1月1日 - 至今,中文,CSSCI,高校学报,齐鲁学刊,C
2025年1月1日 - 至今,中文,CSSCI,高校学报,山东师范大学学报(社会科学版),C
2025年1月1日 - 至今,中文,CSSCI,高校学报,山西大学学报(哲学社会科学版),C
2025年1月1日 - 至今,中文,CSSCI,高校学报,陕西师范大学学报(哲学社会科学版),C
2025年1月1日 - 至今,中文,CSSCI,高校学报,上海大学学报(社会科学版),C
2025年1月1日 - 至今,中文,CSSCI,高校学报,上海师范大学学报(哲学社会科学版),C
2025年1月1日 - 至今,中文,CSSCI,高校学报,深圳大学学报(人文社会科学版),C
2025年1月1日 - 至今,中文,CSSCI,高校学报,首都师范大学学报(社会科学版),C
2025年1月1日 - 至今,中文,CSSCI,高校学报,四川师范大学学报(社会科学版),C
2025年1月1日 - 至今,中文,CSSCI,高校学报,同济大学学报(社会科学版),C
2025年1月1日 - 至今,中文,CSSCI,高校学报,西北大学学报(哲学社会科学版),C
2025年1月1日 - 至今,中文,CSSCI,高校学报,西北师大学报(社会科学版),C
2025年1月1日 - 至今,中文,CSSCI,高校学报,西南大学学报(社会科学版),C
2025年1月1日 - 至今,中文,CSSCI,高校学报,西藏大学学报(藏文版),C
2025年1月1日 - 至今,中文,CSSCI,高校学报,西藏大学学报(社会科学版),C
2025年1月1日 - 至今,中文,CSSCI,高校学报,湘潭大学学报(哲学社会科学版),C
2025年1月1日 - 至今,中文,CSSCI,高校学报,浙江工商大学学报,C
2025年1月1日 - 至今,中文,CSSCI,高校学报,郑州大学学报(哲学社会科学版),C
2025年1月1日 - 至今,中文,CSSCI,高校学报,中国矿业大学学报(社会科学版),C
2025年1月1日 - 至今,中文,CSSCI,高校学报,中国社会科学院大学学报,C
2025年1月1日 - 至今,中文,CSSCI,高校学报,中南大学学报(社会科学版),C
2025年1月1日 - 至今,中文,新华文摘,/,主体转载,A
2025年1月1日 - 至今,中文,新华文摘,/,论点摘编（300字以上）,B
2025年1月1日 - 至今,中文,人民日报,/,理论版（1500字以上）,B
2025年1月1日 - 至今,中文,人民日报,思政类,非理论版（1500字）,C
2025年1月1日 - 至今,中文,光明日报,/,理论版（1500字以上）,B
2025年1月1日 - 至今,中文,光明日报,思政类,非理论版（1500字）,C
2025年1月1日 - 至今,中文,经济日报,/,理论版（1500字以上）,B
2025年1月1日 - 至今,中文,经济日报,思政类,非理论版（1500字）,C
2025年1月1日 - 至今,中文,中国社会科学文摘,/,主体转载,B
2025年1月1日 - 至今,中文,中国社会科学文摘,/,论点摘编（300字以上）,C
2025年1月1日 - 至今,中文,高等学校文科文摘,/,主体转载,B
2025年1月1日 - 至今,中文,高等学校文科文摘,/,论点摘编（300字以上）,C
2025年1月1日 - 至今,中文,山东女子学院学报,/,/,C
2025年1月1日 - 至今,中文,中国人大复印报刊资料,/,全文转载,C
2025年1月1日 - 至今,中文,CSSCI集刊,/,/,C
2025年1月1日 - 至今,中文,CSSCI扩展版,/,/,D
2025年1月1日 - 至今,中文,北大核心,/,/,D
2025年1月1日 - 至今,中文,中国社会科学报,/,理论版（1500字以上）,D
2025年1月1日 - 至今,中文,中国教育报,/,理论版（1500字以上）,D
2025年1月1日 - 至今,中文,大众日报,/,理论版（1500字以上）,D
2025年1月1日 - 至今,中文,中国妇女报,/,理论版（1500字以上）,D
2025年1月1日 - 至今,中文,中华女子学院,/,/,D
2025年1月1日 - 至今,中文,人民网、光明网,马克思主义文章,1500字,D
2025年1月1日 - 至今,中文,中国科技期刊卓越行动计划,自然科学,领军期刊,A
2025年1月1日 - 至今,中文,中国科技期刊卓越行动计划,自然科学,重点期刊,B
2025年1月1日 - 至今,中文,中国科技期刊卓越行动计划,自然科学,其他,C
2025年1月1日 - 至今,中文,EI期刊,自然科学,正刊,C
2025年1月1日 - 至今,中文,CSCD,自然科学,正刊,D
2025年1月1日 - 至今,外文,SSCI/SCI,/,JCR一区,A
2025年1月1日 - 至今,外文,SSCI/SCI,/,JCR二区,B
2025年1月1日 - 至今,外文,SSCI/SCI,/,JCR三区,C
2025年1月1日 - 至今,外文,SSCI/SCI,/,JCR四区,C
2024年1月1日 - 2024年12月31日,中文,CSSCI,法学,中国法学,A
2024年1月1日 - 2024年12月31日,中文,CSSCI,法学,法学研究,A
2024年1月1日 - 2024年12月31日,中文,CSSCI,法学,中外法学,B
2024年1月1日 - 2024年12月31日,中文,CSSCI,法学,清华法学,B
2024年1月1日 - 2024年12月31日,中文,CSSCI,法学,法学,B
2024年1月1日 - 2024年12月31日,中文,CSSCI,法学,法学家,B
2024年1月1日 - 2024年12月31日,中文,CSSCI,法学,法商研究,B
2024年1月1日 - 2024年12月31日,中文,CSSCI,法学,当代法学,B
2024年1月1日 - 2024年12月31日,中文,CSSCI,法学,法制与社会发展,B
2024年1月1日 - 2024年12月31日,中文,CSSCI,法学,法律科学(西北政法大学学报),B
2024年1月1日 - 2024年12月31日,中文,CSSCI,法学,现代法学,C
2024年1月1日 - 2024年12月31日,中文,CSSCI,法学,法学评论,C
2024年1月1日 - 2024年12月31日,中文,CSSCI,法学,政法论坛,C
2024年1月1日 - 2024年12月31日,中文,CSSCI,法学,比较法研究,C
2024年1月1日 - 2024年12月31日,中文,CSSCI,法学,政治与法律,C
2024年1月1日 - 2024年12月31日,中文,CSSCI,法学,行政法学研究,C
2024年1月1日 - 2024年12月31日,中文,CSSCI,法学,环球法律评论,C
2024年1月1日 - 2024年12月31日,中文,CSSCI,法学,法学论坛,C
2024年1月1日 - 2024年12月31日,中文,CSSCI,法学,华东政法大学学报,C
2024年1月1日 - 2024年12月31日,中文,CSSCI,法学,中国刑事法杂志,C
2024年1月1日 - 2024年12月31日,中文,CSSCI,法学,国家检察官学院学报,C
2024年1月1日 - 2024年12月31日,中文,CSSCI,法学,政法论丛,C
2024年1月1日 - 2024年12月31日,中文,CSSCI,法学,东方法学,C
2024年1月1日 - 2024年12月31日,中文,CSSCI,法学,中国法律评论,C
2024年1月1日 - 2024年12月31日,中文,CSSCI,管理学,管理世界,A
2024年1月1日 - 2024年12月31日,中文,CSSCI,管理学,南开管理评论,A
2024年1月1日 - 2024年12月31日,中文,CSSCI,管理学,公共管理学报,A
2024年1月1日 - 2024年12月31日,中文,CSSCI,管理学,会计研究,A
2024年1月1日 - 2024年12月31日,中文,CSSCI,管理学,科学学研究,B
2024年1月1日 - 2024年12月31日,中文,CSSCI,管理学,科研管理,B
2024年1月1日 - 2024年12月31日,中文,CSSCI,管理学,中国软科学,B
2024年1月1日 - 2024年12月31日,中文,CSSCI,管理学,管理科学,B
2024年1月1日 - 2024年12月31日,中文,CSSCI,管理学,科学学与科学技术管理,B
2024年1月1日 - 2024年12月31日,中文,CSSCI,管理学,管理科学学报,B
2024年1月1日 - 2024年12月31日,中文,CSSCI,管理学,研究与发展管理,B
2024年1月1日 - 2024年12月31日,中文,CSSCI,管理学,外国经济与管理,B
2024年1月1日 - 2024年12月31日,中文,CSSCI,管理学,管理评论,B
2024年1月1日 - 2024年12月31日,中文,CSSCI,管理学,中国行政管理,B
2024年1月1日 - 2024年12月31日,中文,CSSCI,管理学,管理学报,C
2024年1月1日 - 2024年12月31日,中文,CSSCI,管理学,中国管理科学,C
2024年1月1日 - 2024年12月31日,中文,CSSCI,管理学,审计研究,C
2024年1月1日 - 2024年12月31日,中文,CSSCI,管理学,管理工程学报,C
2024年1月1日 - 2024年12月31日,中文,CSSCI,管理学,经济管理,C
2024年1月1日 - 2024年12月31日,中文,CSSCI,管理学,管理学刊,C
2024年1月1日 - 2024年12月31日,中文,CSSCI,管理学,审计与经济研究,C
2024年1月1日 - 2024年12月31日,中文,CSSCI,管理学,电子政务,C
2024年1月1日 - 2024年12月31日,中文,CSSCI,管理学,系统工程理论与实践,C
2024年1月1日 - 2024年12月31日,中文,CSSCI,管理学,科技进步与对策,C
2024年1月1日 - 2024年12月31日,中文,CSSCI,管理学,软科学,C
2024年1月1日 - 2024年12月31日,中文,CSSCI,管理学,中国科技论坛,C
2024年1月1日 - 2024年12月31日,中文,CSSCI,管理学,预测,C
2024年1月1日 - 2024年12月31日,中文,CSSCI,管理学,会计与经济研究,C
2024年1月1日 - 2024年12月31日,中文,CSSCI,管理学,经济体制改革,C
2024年1月1日 - 2024年12月31日,中文,CSSCI,管理学,科学决策,C
2024年1月1日 - 2024年12月31日,中文,CSSCI,管理学,宏观质量研究,C
2024年1月1日 - 2024年12月31日,中文,CSSCI,管理学,科学管理研究,C
2024年1月1日 - 2024年12月31日,中文,CSSCI,管理学,社会保障评论,C
2024年1月1日 - 2024年12月31日,中文,CSSCI,管理学,公共管理与政策评论,C
2024年1月1日 - 2024年12月31日,中文,CSSCI,管理学,治理研究,C
2024年1月1日 - 2024年12月31日,中文,CSSCI,管理学,中国科学院院刊,C
2024年1月1日 - 2024年12月31日,中文,CSSCI,教育学,开放教育研究,A
2024年1月1日 - 2024年12月31日,中文,CSSCI,教育学,现代远程教育研究,B
2024年1月1日 - 2024年12月31日,中文,CSSCI,教育学,远程教育杂志,B
2024年1月1日 - 2024年12月31日,中文,CSSCI,教育学,中国电化教育,C
2024年1月1日 - 2024年12月31日,中文,CSSCI,教育学,电化教育研究,C
2024年1月1日 - 2024年12月31日,中文,CSSCI,教育学,现代教育技术,C
2024年1月1日 - 2024年12月31日,中文,CSSCI,教育学,中国远程教育,C
2024年1月1日 - 2024年12月31日,中文,CSSCI,教育学,现代远距离教育,C
2024年1月1日 - 2024年12月31日,中文,CSSCI,教育学,教育研究,A
2024年1月1日 - 2024年12月31日,中文,CSSCI,教育学,北京大学教育评论,A
2024年1月1日 - 2024年12月31日,中文,CSSCI,教育学,高等教育研究,A
2024年1月1日 - 2024年12月31日,中文,CSSCI,教育学,清华大学教育研究,B
2024年1月1日 - 2024年12月31日,中文,CSSCI,教育学,中国高教研究,B
2024年1月1日 - 2024年12月31日,中文,CSSCI,教育学,华东师范大学学报(教育科学版),B
2024年1月1日 - 2024年12月31日,中文,CSSCI,教育学,教育发展研究,B
2024年1月1日 - 2024年12月31日,中文,CSSCI,教育学,全球教育展望,B
2024年1月1日 - 2024年12月31日,中文,CSSCI,教育学,复旦教育论坛,B
2024年1月1日 - 2024年12月31日,中文,CSSCI,教育学,教育与经济,B
2024年1月1日 - 2024年12月31日,中文,CSSCI,教育学,教师教育研究,B
2024年1月1日 - 2024年12月31日,中文,CSSCI,教育学,比较教育研究,B
2024年1月1日 - 2024年12月31日,中文,CSSCI,教育学,高等工程教育研究,C
2024年1月1日 - 2024年12月31日,中文,CSSCI,教育学,课程.教材.教法,C
2024年1月1日 - 2024年12月31日,中文,CSSCI,教育学,教育学报,C
2024年1月1日 - 2024年12月31日,中文,CSSCI,教育学,中国高等教育,C
2024年1月1日 - 2024年12月31日,中文,CSSCI,教育学,中国教育学刊,C
2024年1月1日 - 2024年12月31日,中文,CSSCI,教育学,高校教育管理,C
2024年1月1日 - 2024年12月31日,中文,CSSCI,教育学,现代大学教育,C
2024年1月1日 - 2024年12月31日,中文,CSSCI,教育学,学位与研究生教育,C
2024年1月1日 - 2024年12月31日,中文,CSSCI,教育学,教育研究与实验,C
2024年1月1日 - 2024年12月31日,中文,CSSCI,教育学,国家教育行政学院学报,C
2024年1月1日 - 2024年12月31日,中文,CSSCI,教育学,教育科学,C
2024年1月1日 - 2024年12月31日,中文,CSSCI,教育学,外国教育研究,C
2024年1月1日 - 2024年12月31日,中文,CSSCI,教育学,湖南师范大学教育科学学报,C
2024年1月1日 - 2024年12月31日,中文,CSSCI,教育学,学前教育研究,C
2024年1月1日 - 2024年12月31日,中文,CSSCI,教育学,江苏高教,C
2024年1月1日 - 2024年12月31日,中文,CSSCI,教育学,大学教育科学,C
2024年1月1日 - 2024年12月31日,中文,CSSCI,教育学,研究生教育研究,C
2024年1月1日 - 2024年12月31日,中文,CSSCI,经济学,经济研究,A
2024年1月1日 - 2024年12月31日,中文,CSSCI,经济学,经济学(季刊),A
2024年1月1日 - 2024年12月31日,中文,CSSCI,经济学,中国工业经济,A
2024年1月1日 - 2024年12月31日,中文,CSSCI,经济学,世界经济,A
2024年1月1日 - 2024年12月31日,中文,CSSCI,经济学,金融研究,A
2024年1月1日 - 2024年12月31日,中文,CSSCI,经济学,财经研究,A
2024年1月1日 - 2024年12月31日,中文,CSSCI,经济学,数量经济技术经济研究,B
2024年1月1日 - 2024年12月31日,中文,CSSCI,经济学,中国农村经济,B
2024年1月1日 - 2024年12月31日,中文,CSSCI,经济学,农业经济问题,B
2024年1月1日 - 2024年12月31日,中文,CSSCI,经济学,经济学家,B
2024年1月1日 - 2024年12月31日,中文,CSSCI,经济学,南开经济研究,B
2024年1月1日 - 2024年12月31日,中文,CSSCI,经济学,中国农村观察,B
2024年1月1日 - 2024年12月31日,中文,CSSCI,经济学,国际贸易问题,B
2024年1月1日 - 2024年12月31日,中文,CSSCI,经济学,经济科学,B
2024年1月1日 - 2024年12月31日,中文,CSSCI,经济学,财贸经济,B
2024年1月1日 - 2024年12月31日,中文,CSSCI,经济学,国际金融研究,B
2024年1月1日 - 2024年12月31日,中文,CSSCI,经济学,经济评论,B
2024年1月1日 - 2024年12月31日,中文,CSSCI,经济学,产业经济研究,B
2024年1月1日 - 2024年12月31日,中文,CSSCI,经济学,经济理论与经济管理,B
2024年1月1日 - 2024年12月31日,中文,CSSCI,经济学,改革,B
2024年1月1日 - 2024年12月31日,中文,CSSCI,经济学,经济社会体制比较,B
2024年1月1日 - 2024年12月31日,中文,CSSCI,经济学,世界经济文汇,B
2024年1月1日 - 2024年12月31日,中文,CSSCI,经济学,世界经济研究,B
2024年1月1日 - 2024年12月31日,中文,CSSCI,经济学,经济学动态,B
2024年1月1日 - 2024年12月31日,中文,CSSCI,经济学,国际经济评论,B
2024年1月1日 - 2024年12月31日,中文,CSSCI,经济学,农业技术经济,C
2024年1月1日 - 2024年12月31日,中文,CSSCI,经济学,国际经贸探索,C
2024年1月1日 - 2024年12月31日,中文,CSSCI,经济学,当代经济科学,C
2024年1月1日 - 2024年12月31日,中文,CSSCI,经济学,世界经济与政治论坛,C
2024年1月1日 - 2024年12月31日,中文,CSSCI,经济学,中国经济问题,C
2024年1月1日 - 2024年12月31日,中文,CSSCI,经济学,财经科学,C
2024年1月1日 - 2024年12月31日,中文,CSSCI,经济学,金融经济学研究,C
2024年1月1日 - 2024年12月31日,中文,CSSCI,经济学,宏观经济研究,C
2024年1月1日 - 2024年12月31日,中文,CSSCI,经济学,财贸研究,C
2024年1月1日 - 2024年12月31日,中文,CSSCI,经济学,当代财经,C
2024年1月1日 - 2024年12月31日,中文,CSSCI,经济学,现代日本经济,C
2024年1月1日 - 2024年12月31日,中文,CSSCI,经济学,南方经济,C
2024年1月1日 - 2024年12月31日,中文,CSSCI,经济学,商业经济与管理,C
2024年1月1日 - 2024年12月31日,中文,CSSCI,经济学,经济经纬,C
2024年1月1日 - 2024年12月31日,中文,CSSCI,经济学,上海经济研究,C
2024年1月1日 - 2024年12月31日,中文,CSSCI,经济学,财政研究,C
2024年1月1日 - 2024年12月31日,中文,CSSCI,经济学,财经问题研究,C
2024年1月1日 - 2024年12月31日,中文,CSSCI,经济学,经济纵横,C
2024年1月1日 - 2024年12月31日,中文,CSSCI,经济学,政治经济学评论,C
2024年1月1日 - 2024年12月31日,中文,CSSCI,经济学,经济与管理研究,C
2024年1月1日 - 2024年12月31日,中文,CSSCI,经济学,国际贸易,C
2024年1月1日 - 2024年12月31日,中文,CSSCI,经济学,证券市场导报,C
2024年1月1日 - 2024年12月31日,中文,CSSCI,经济学,财经论丛,C
2024年1月1日 - 2024年12月31日,中文,CSSCI,经济学,金融论坛,C
2024年1月1日 - 2024年12月31日,中文,CSSCI,经济学,农村经济,C
2024年1月1日 - 2024年12月31日,中文,CSSCI,经济学,国际商务,C
2024年1月1日 - 2024年12月31日,中文,CSSCI,经济学,经济问题探索,C
2024年1月1日 - 2024年12月31日,中文,CSSCI,经济学,经济问题,C
2024年1月1日 - 2024年12月31日,中文,CSSCI,经济学,财经理论与实践,C
2024年1月1日 - 2024年12月31日,中文,CSSCI,经济学,亚太经济,C
2024年1月1日 - 2024年12月31日,中文,CSSCI,经济学,劳动经济研究,C
2024年1月1日 - 2024年12月31日,中文,CSSCI,经济学,商业研究,C
2024年1月1日 - 2024年12月31日,中文,CSSCI,经济学,现代经济探讨,C
2024年1月1日 - 2024年12月31日,中文,CSSCI,经济学,金融评论,C
2024年1月1日 - 2024年12月31日,中文,CSSCI,经济学,保险研究,C
2024年1月1日 - 2024年12月31日,中文,CSSCI,经济学,税务研究,C
2024年1月1日 - 2024年12月31日,中文,CSSCI,经济学,经济学报,C
2024年1月1日 - 2024年12月31日,中文,CSSCI,财经院校学报,中南财经政法大学学报,A
2024年1月1日 - 2024年12月31日,中文,CSSCI,财经院校学报,山西财经大学学报,B
2024年1月1日 - 2024年12月31日,中文,CSSCI,财经院校学报,上海财经大学学报,B
2024年1月1日 - 2024年12月31日,中文,CSSCI,财经院校学报,广东财经大学学报,C
2024年1月1日 - 2024年12月31日,中文,CSSCI,财经院校学报,贵州财经大学学报,C
2024年1月1日 - 2024年12月31日,中文,CSSCI,财经院校学报,江西财经大学学报,C
2024年1月1日 - 2024年12月31日,中文,CSSCI,财经院校学报,中央财经大学学报,C
2024年1月1日 - 2024年12月31日,中文,CSSCI,财经院校学报,现代财经,C
2024年1月1日 - 2024年12月31日,中文,CSSCI,考古学,文物,A
2024年1月1日 - 2024年12月31日,中文,CSSCI,考古学,考古,B
2024年1月1日 - 2024年12月31日,中文,CSSCI,考古学,考古学报,B
2024年1月1日 - 2024年12月31日,中文,CSSCI,考古学,江汉考古,C
2024年1月1日 - 2024年12月31日,中文,CSSCI,考古学,考古与文物,C
2024年1月1日 - 2024年12月31日,中文,CSSCI,考古学,故宫博物院院刊,C
2024年1月1日 - 2024年12月31日,中文,CSSCI,考古学,敦煌研究,C
2024年1月1日 - 2024年12月31日,中文,CSSCI,考古学,人类学学报,C
2024年1月1日 - 2024年12月31日,中文,CSSCI,历史学,历史研究,A
2024年1月1日 - 2024年12月31日,中文,CSSCI,历史学,近代史研究,A
2024年1月1日 - 2024年12月31日,中文,CSSCI,历史学,中国经济史研究,A
2024年1月1日 - 2024年12月31日,中文,CSSCI,历史学,史学月刊,B
2024年1月1日 - 2024年12月31日,中文,CSSCI,历史学,中国边疆史地研究,B
2024年1月1日 - 2024年12月31日,中文,CSSCI,历史学,中国史研究,B
2024年1月1日 - 2024年12月31日,中文,CSSCI,历史学,史学集刊,B
2024年1月1日 - 2024年12月31日,中文,CSSCI,历史学,抗日战争研究,B
2024年1月1日 - 2024年12月31日,中文,CSSCI,历史学,安徽史学,B
2024年1月1日 - 2024年12月31日,中文,CSSCI,历史学,清史研究,B
2024年1月1日 - 2024年12月31日,中文,CSSCI,历史学,史林,B
2024年1月1日 - 2024年12月31日,中文,CSSCI,历史学,中国社会经济史研究,B
2024年1月1日 - 2024年12月31日,中文,CSSCI,历史学,当代中国史研究,C
2024年1月1日 - 2024年12月31日,中文,CSSCI,历史学,中国农史,C
2024年1月1日 - 2024年12月31日,中文,CSSCI,历史学,史学理论研究,C
2024年1月1日 - 2024年12月31日,中文,CSSCI,历史学,历史档案,C
2024年1月1日 - 2024年12月31日,中文,CSSCI,历史学,世界历史,C
2024年1月1日 - 2024年12月31日,中文,CSSCI,历史学,西域研究,C
2024年1月1日 - 2024年12月31日,中文,CSSCI,历史学,中国历史地理论丛,C
2024年1月1日 - 2024年12月31日,中文,CSSCI,历史学,中华文史论丛,C
2024年1月1日 - 2024年12月31日,中文,CSSCI,历史学,古代文明,C
2024年1月1日 - 2024年12月31日,中文,CSSCI,历史学,华侨华人历史研究,C
2024年1月1日 - 2024年12月31日,中文,CSSCI,历史学,史学史研究,C
2024年1月1日 - 2024年12月31日,中文,CSSCI,历史学,文史,C
2024年1月1日 - 2024年12月31日,中文,CSSCI,历史学,自然科学史研究,C
2024年1月1日 - 2024年12月31日,中文,CSSCI,历史学,东南文化,C
2024年1月1日 - 2024年12月31日,中文,CSSCI,历史学,民国档案,C
2024年1月1日 - 2024年12月31日,中文,CSSCI,历史学,文献,C
2024年1月1日 - 2024年12月31日,中文,CSSCI,历史学,经济社会史评论,C
2024年1月1日 - 2024年12月31日,中文,CSSCI,历史学,中国史研究动态,C
2024年1月1日 - 2024年12月31日,中文,CSSCI,马克思主义理论,求是,A
2024年1月1日 - 2024年12月31日,中文,CSSCI,马克思主义理论,中国特色社会主义研究,A
2024年1月1日 - 2024年12月31日,中文,CSSCI,马克思主义理论,马克思主义与现实,B
2024年1月1日 - 2024年12月31日,中文,CSSCI,马克思主义理论,马克思主义研究,B
2024年1月1日 - 2024年12月31日,中文,CSSCI,马克思主义理论,社会主义研究,B
2024年1月1日 - 2024年12月31日,中文,CSSCI,马克思主义理论,教学与研究,B
2024年1月1日 - 2024年12月31日,中文,CSSCI,马克思主义理论,党建,B
2024年1月1日 - 2024年12月31日,中文,CSSCI,马克思主义理论,国外理论动态,B
2024年1月1日 - 2024年12月31日,中文,CSSCI,马克思主义理论,当代世界与社会主义,C
2024年1月1日 - 2024年12月31日,中文,CSSCI,马克思主义理论,红旗文稿,C
2024年1月1日 - 2024年12月31日,中文,CSSCI,马克思主义理论,毛泽东邓小平理论研究,C
2024年1月1日 - 2024年12月31日,中文,CSSCI,马克思主义理论,中共党史研究,C
2024年1月1日 - 2024年12月31日,中文,CSSCI,马克思主义理论,党的文献,C
2024年1月1日 - 2024年12月31日,中文,CSSCI,马克思主义理论,科学社会主义,C
2024年1月1日 - 2024年12月31日,中文,CSSCI,马克思主义理论,当代世界社会主义问题,C
2024年1月1日 - 2024年12月31日,中文,CSSCI,马克思主义理论,党史研究与教学,C
2024年1月1日 - 2024年12月31日,中文,CSSCI,马克思主义理论,思想理论教育导刊,C
2024年1月1日 - 2024年12月31日,中文,CSSCI,马克思主义理论,理论视野,C
2024年1月1日 - 2024年12月31日,中文,CSSCI,马克思主义理论,思想理论教育,C
2024年1月1日 - 2024年12月31日,中文,CSSCI,马克思主义理论,思想教育研究,C
2024年1月1日 - 2024年12月31日,中文,CSSCI,马克思主义理论,马克思主义理论学科研究,C
2024年1月1日 - 2024年12月31日,中文,CSSCI,民族学与文化学,民族研究,A
2024年1月1日 - 2024年12月31日,中文,CSSCI,民族学与文化学,民俗研究,B
2024年1月1日 - 2024年12月31日,中文,CSSCI,民族学与文化学,广西民族研究,B
2024年1月1日 - 2024年12月31日,中文,CSSCI,民族学与文化学,世界民族,B
2024年1月1日 - 2024年12月31日,中文,CSSCI,民族学与文化学,西北民族研究,C
2024年1月1日 - 2024年12月31日,中文,CSSCI,民族学与文化学,民族学刊,C
2024年1月1日 - 2024年12月31日,中文,CSSCI,民族学与文化学,文化遗产,C
2024年1月1日 - 2024年12月31日,中文,CSSCI,民族学与文化学,中国藏学,C
2024年1月1日 - 2024年12月31日,中文,CSSCI,民族学与文化学,贵州民族研究,C
2024年1月1日 - 2024年12月31日,中文,CSSCI,民族学与文化学,民族教育研究,C
2024年1月1日 - 2024年12月31日,中文,CSSCI,民族学与文化学,西南民族大学学报(人文社会科学版),A
2024年1月1日 - 2024年12月31日,中文,CSSCI,民族学与文化学,云南民族大学学报(哲学社会科学版),B
2024年1月1日 - 2024年12月31日,中文,CSSCI,民族学与文化学,中南民族大学学报(人文社会科学版),C
2024年1月1日 - 2024年12月31日,中文,CSSCI,民族学与文化学,中央民族大学学报(哲学社会科学版),C
2024年1月1日 - 2024年12月31日,中文,CSSCI,民族学与文化学,广西民族大学学报(哲学社会科学版),C
2024年1月1日 - 2024年12月31日,中文,CSSCI,人文经济地理,地理学报,A
2024年1月1日 - 2024年12月31日,中文,CSSCI,人文经济地理,地理研究,B
2024年1月1日 - 2024年12月31日,中文,CSSCI,人文经济地理,经济地理,B
2024年1月1日 - 2024年12月31日,中文,CSSCI,人文经济地理,地理科学,B
2024年1月1日 - 2024年12月31日,中文,CSSCI,人文经济地理,地理科学进展,B
2024年1月1日 - 2024年12月31日,中文,CSSCI,人文经济地理,人文地理,C
2024年1月1日 - 2024年12月31日,中文,CSSCI,人文经济地理,城市规划学刊,C
2024年1月1日 - 2024年12月31日,中文,CSSCI,人文经济地理,旅游学刊,C
2024年1月1日 - 2024年12月31日,中文,CSSCI,人文经济地理,城市规划,C
2024年1月1日 - 2024年12月31日,中文,CSSCI,人文经济地理,旅游科学,C
2024年1月1日 - 2024年12月31日,中文,CSSCI,人文经济地理,城市发展研究,C
2024年1月1日 - 2024年12月31日,中文,CSSCI,人文经济地理,城市问题,C
2024年1月1日 - 2024年12月31日,中文,CSSCI,社会学,人口研究,A
2024年1月1日 - 2024年12月31日,中文,CSSCI,社会学,中国人口科学,B
2024年1月1日 - 2024年12月31日,中文,CSSCI,社会学,人口与经济,C
2024年1月1日 - 2024年12月31日,中文,CSSCI,社会学,人口学刊,C
2024年1月1日 - 2024年12月31日,中文,CSSCI,社会学,人口与发展,C
2024年1月1日 - 2024年12月31日,中文,CSSCI,社会学,社会学研究,A
2024年1月1日 - 2024年12月31日,中文,CSSCI,社会学,社会,B
2024年1月1日 - 2024年12月31日,中文,CSSCI,社会学,社会学评论,C
2024年1月1日 - 2024年12月31日,中文,CSSCI,社会学,青年研究,C
2024年1月1日 - 2024年12月31日,中文,CSSCI,社会学,妇女研究论丛,C
2024年1月1日 - 2024年12月31日,中文,CSSCI,社会学,中国青年研究,C
2024年1月1日 - 2024年12月31日,中文,CSSCI,社会学,社会发展研究,C
2024年1月1日 - 2024年12月31日,中文,CSSCI,体育学,体育科学,A
2024年1月1日 - 2024年12月31日,中文,CSSCI,体育学,上海体育学院学报,B
2024年1月1日 - 2024年12月31日,中文,CSSCI,体育学,北京体育大学学报,B
2024年1月1日 - 2024年12月31日,中文,CSSCI,体育学,体育与科学,B
2024年1月1日 - 2024年12月31日,中文,CSSCI,体育学,体育学刊,C
2024年1月1日 - 2024年12月31日,中文,CSSCI,体育学,西安体育学院学报,C
2024年1月1日 - 2024年12月31日,中文,CSSCI,体育学,武汉体育学院学报,C
2024年1月1日 - 2024年12月31日,中文,CSSCI,体育学,中国体育科技,C
2024年1月1日 - 2024年12月31日,中文,CSSCI,体育学,成都体育学院学报,C
2024年1月1日 - 2024年12月31日,中文,CSSCI,体育学,沈阳体育学院学报,C
2024年1月1日 - 2024年12月31日,中文,CSSCI,体育学,体育学研究,C
2024年1月1日 - 2024年12月31日,中文,CSSCI,统计学,统计研究,B
2024年1月1日 - 2024年12月31日,中文,CSSCI,统计学,数理统计与管理,B
2024年1月1日 - 2024年12月31日,中文,CSSCI,统计学,统计与决策,C
2024年1月1日 - 2024年12月31日,中文,CSSCI,统计学,统计与信息论坛,C
2024年1月1日 - 2024年12月31日,中文,CSSCI,图书馆、情报与文献学,档案学通讯,B
2024年1月1日 - 2024年12月31日,中文,CSSCI,图书馆、情报与文献学,档案学研究,C
2024年1月1日 - 2024年12月31日,中文,CSSCI,图书馆、情报与文献学,情报资料工作,A
2024年1月1日 - 2024年12月31日,中文,CSSCI,图书馆、情报与文献学,情报理论与实践,B
2024年1月1日 - 2024年12月31日,中文,CSSCI,图书馆、情报与文献学,情报杂志,B
2024年1月1日 - 2024年12月31日,中文,CSSCI,图书馆、情报与文献学,情报学报,C
2024年1月1日 - 2024年12月31日,中文,CSSCI,图书馆、情报与文献学,情报科学,C
2024年1月1日 - 2024年12月31日,中文,CSSCI,图书馆、情报与文献学,数据分析与知识发现,C
2024年1月1日 - 2024年12月31日,中文,CSSCI,图书馆、情报与文献学,现代情报,C
2024年1月1日 - 2024年12月31日,中文,CSSCI,图书馆、情报与文献学,信息资源管理学报,C
2024年1月1日 - 2024年12月31日,中文,CSSCI,图书馆、情报与文献学,中国图书馆学报,A
2024年1月1日 - 2024年12月31日,中文,CSSCI,图书馆、情报与文献学,图书情报工作,B
2024年1月1日 - 2024年12月31日,中文,CSSCI,图书馆、情报与文献学,图书情报知识,B
2024年1月1日 - 2024年12月31日,中文,CSSCI,图书馆、情报与文献学,大学图书馆学报,B
2024年1月1日 - 2024年12月31日,中文,CSSCI,图书馆、情报与文献学,图书与情报,C
2024年1月1日 - 2024年12月31日,中文,CSSCI,图书馆、情报与文献学,国家图书馆学刊,C
2024年1月1日 - 2024年12月31日,中文,CSSCI,图书馆、情报与文献学,图书馆论坛,C
2024年1月1日 - 2024年12月31日,中文,CSSCI,图书馆、情报与文献学,图书馆杂志,C
2024年1月1日 - 2024年12月31日,中文,CSSCI,图书馆、情报与文献学,图书馆建设,C
2024年1月1日 - 2024年12月31日,中文,CSSCI,图书馆、情报与文献学,图书馆学研究,C
2024年1月1日 - 2024年12月31日,中文,CSSCI,外国文学,外国文学评论,A
2024年1月1日 - 2024年12月31日,中文,CSSCI,外国文学,外国文学研究,B
2024年1月1日 - 2024年12月31日,中文,CSSCI,外国文学,外国文学,C
2024年1月1日 - 2024年12月31日,中文,CSSCI,外国文学,当代外国文学,C
2024年1月1日 - 2024年12月31日,中文,CSSCI,外国文学,国外文学,C
2024年1月1日 - 2024年12月31日,中文,CSSCI,外国文学,外国文学动态研究,C
2024年1月1日 - 2024年12月31日,中文,CSSCI,心理学,心理学报,A
2024年1月1日 - 2024年12月31日,中文,CSSCI,心理学,心理发展与教育,B
2024年1月1日 - 2024年12月31日,中文,CSSCI,心理学,心理科学进展,B
2024年1月1日 - 2024年12月31日,中文,CSSCI,心理学,心理科学,C
2024年1月1日 - 2024年12月31日,中文,CSSCI,心理学,中国临床心理学杂志,C
2024年1月1日 - 2024年12月31日,中文,CSSCI,心理学,心理与行为研究,C
2024年1月1日 - 2024年12月31日,中文,CSSCI,心理学,应用心理学,C
2024年1月1日 - 2024年12月31日,中文,CSSCI,新闻学与传播学,新闻与传播研究,A
2024年1月1日 - 2024年12月31日,中文,CSSCI,新闻学与传播学,中国科技期刊研究,A
2024年1月1日 - 2024年12月31日,中文,CSSCI,新闻学与传播学,编辑学报,B
2024年1月1日 - 2024年12月31日,中文,CSSCI,新闻学与传播学,新闻记者,B
2024年1月1日 - 2024年12月31日,中文,CSSCI,新闻学与传播学,国际新闻界,B
2024年1月1日 - 2024年12月31日,中文,CSSCI,新闻学与传播学,新闻大学,B
2024年1月1日 - 2024年12月31日,中文,CSSCI,新闻学与传播学,科技与出版,C
2024年1月1日 - 2024年12月31日,中文,CSSCI,新闻学与传播学,现代传播：中国传媒大学学报,C
2024年1月1日 - 2024年12月31日,中文,CSSCI,新闻学与传播学,出版发行研究,C
2024年1月1日 - 2024年12月31日,中文,CSSCI,新闻学与传播学,编辑之友,C
2024年1月1日 - 2024年12月31日,中文,CSSCI,新闻学与传播学,当代传播,C
2024年1月1日 - 2024年12月31日,中文,CSSCI,新闻学与传播学,出版科学,C
2024年1月1日 - 2024年12月31日,中文,CSSCI,新闻学与传播学,中国出版,C
2024年1月1日 - 2024年12月31日,中文,CSSCI,新闻学与传播学,新闻界,C
2024年1月1日 - 2024年12月31日,中文,CSSCI,新闻学与传播学,现代出版,C
2024年1月1日 - 2024年12月31日,中文,CSSCI,新闻学与传播学,新闻与写作,C
2024年1月1日 - 2024年12月31日,中文,CSSCI,新闻学与传播学,中国编辑,C
2024年1月1日 - 2024年12月31日,中文,CSSCI,艺术学,文艺研究,A
2024年1月1日 - 2024年12月31日,中文,CSSCI,艺术学,民族艺术,A
2024年1月1日 - 2024年12月31日,中文,CSSCI,艺术学,电影艺术,B
2024年1月1日 - 2024年12月31日,中文,CSSCI,艺术学,北京电影学院学报,B
2024年1月1日 - 2024年12月31日,中文,CSSCI,艺术学,当代电影,B
2024年1月1日 - 2024年12月31日,中文,CSSCI,艺术学,音乐研究,B
2024年1月1日 - 2024年12月31日,中文,CSSCI,艺术学,中国音乐学,B
2024年1月1日 - 2024年12月31日,中文,CSSCI,艺术学,中央音乐学院学报,C
2024年1月1日 - 2024年12月31日,中文,CSSCI,艺术学,建筑学报,C
2024年1月1日 - 2024年12月31日,中文,CSSCI,艺术学,戏剧艺术(上海戏剧学院学报),C
2024年1月1日 - 2024年12月31日,中文,CSSCI,艺术学,装饰,C
2024年1月1日 - 2024年12月31日,中文,CSSCI,艺术学,南京艺术学院学报(美术与设计版),C
2024年1月1日 - 2024年12月31日,中文,CSSCI,艺术学,艺术设计研究,C
2024年1月1日 - 2024年12月31日,中文,CSSCI,艺术学,美术研究,C
2024年1月1日 - 2024年12月31日,中文,CSSCI,艺术学,戏曲艺术,C
2024年1月1日 - 2024年12月31日,中文,CSSCI,艺术学,北京舞蹈学院学报,C
2024年1月1日 - 2024年12月31日,中文,CSSCI,艺术学,新美术,C
2024年1月1日 - 2024年12月31日,中文,CSSCI,艺术学,美术,C
2024年1月1日 - 2024年12月31日,中文,CSSCI,艺术学,中国书法,C
2024年1月1日 - 2024年12月31日,中文,CSSCI,艺术学,电视研究,C
2024年1月1日 - 2024年12月31日,中文,CSSCI,艺术学,戏剧(中央戏剧学院学报),C
2024年1月1日 - 2024年12月31日,中文,CSSCI,艺术学,中国文艺评论,C
2024年1月1日 - 2024年12月31日,中文,CSSCI,艺术学,中国音乐,C
2024年1月1日 - 2024年12月31日,中文,CSSCI,语言学,外语教学与研究,A
2024年1月1日 - 2024年12月31日,中文,CSSCI,语言学,外语界,B
2024年1月1日 - 2024年12月31日,中文,CSSCI,语言学,现代外语,B
2024年1月1日 - 2024年12月31日,中文,CSSCI,语言学,中国外语,B
2024年1月1日 - 2024年12月31日,中文,CSSCI,语言学,外国语,C
2024年1月1日 - 2024年12月31日,中文,CSSCI,语言学,外语与外语教学,C
2024年1月1日 - 2024年12月31日,中文,CSSCI,语言学,中国翻译,C
2024年1月1日 - 2024年12月31日,中文,CSSCI,语言学,外语电化教学,C
2024年1月1日 - 2024年12月31日,中文,CSSCI,语言学,外语教学理论与实践,C
2024年1月1日 - 2024年12月31日,中文,CSSCI,语言学,外语教学,C
2024年1月1日 - 2024年12月31日,中文,CSSCI,语言学,上海翻译,C
2024年1月1日 - 2024年12月31日,中文,CSSCI,语言学,外语教育研究前沿,C
2024年1月1日 - 2024年12月31日,中文,CSSCI,语言学,中国语文,A
2024年1月1日 - 2024年12月31日,中文,CSSCI,语言学,世界汉语教学,B
2024年1月1日 - 2024年12月31日,中文,CSSCI,语言学,语言教学与研究,B
2024年1月1日 - 2024年12月31日,中文,CSSCI,语言学,当代修辞学,B
2024年1月1日 - 2024年12月31日,中文,CSSCI,语言学,当代语言学,B
2024年1月1日 - 2024年12月31日,中文,CSSCI,语言学,方言,C
2024年1月1日 - 2024年12月31日,中文,CSSCI,语言学,语言文字应用,C
2024年1月1日 - 2024年12月31日,中文,CSSCI,语言学,语言科学,C
2024年1月1日 - 2024年12月31日,中文,CSSCI,语言学,语文研究,C
2024年1月1日 - 2024年12月31日,中文,CSSCI,语言学,汉语学报,C
2024年1月1日 - 2024年12月31日,中文,CSSCI,语言学,汉语学习,C
2024年1月1日 - 2024年12月31日,中文,CSSCI,语言学,民族语文,C
2024年1月1日 - 2024年12月31日,中文,CSSCI,语言学,语言研究,C
2024年1月1日 - 2024年12月31日,中文,CSSCI,哲学,哲学研究,A
2024年1月1日 - 2024年12月31日,中文,CSSCI,哲学,自然辩证法研究,B
2024年1月1日 - 2024年12月31日,中文,CSSCI,哲学,哲学动态,B
2024年1月1日 - 2024年12月31日,中文,CSSCI,哲学,周易研究,B
2024年1月1日 - 2024年12月31日,中文,CSSCI,哲学,自然辩证法通讯,B
2024年1月1日 - 2024年12月31日,中文,CSSCI,哲学,伦理学研究,C
2024年1月1日 - 2024年12月31日,中文,CSSCI,哲学,世界哲学,C
2024年1月1日 - 2024年12月31日,中文,CSSCI,哲学,现代哲学,C
2024年1月1日 - 2024年12月31日,中文,CSSCI,哲学,科学技术哲学研究,C
2024年1月1日 - 2024年12月31日,中文,CSSCI,哲学,道德与文明,C
2024年1月1日 - 2024年12月31日,中文,CSSCI,哲学,哲学分析,C
2024年1月1日 - 2024年12月31日,中文,CSSCI,哲学,中国哲学史,C
2024年1月1日 - 2024年12月31日,中文,CSSCI,哲学,孔子研究,C
2024年1月1日 - 2024年12月31日,中文,CSSCI,哲学,逻辑学研究,C
2024年1月1日 - 2024年12月31日,中文,CSSCI,政治学,上海行政学院学报,B
2024年1月1日 - 2024年12月31日,中文,CSSCI,政治学,中共中央党校学报,B
2024年1月1日 - 2024年12月31日,中文,CSSCI,政治学,理论探索,B
2024年1月1日 - 2024年12月31日,中文,CSSCI,政治学,理论探讨,C
2024年1月1日 - 2024年12月31日,中文,CSSCI,政治学,求实,C
2024年1月1日 - 2024年12月31日,中文,CSSCI,政治学,甘肃行政学院学报,C
2024年1月1日 - 2024年12月31日,中文,CSSCI,政治学,北京行政学院学报,C
2024年1月1日 - 2024年12月31日,中文,CSSCI,政治学,探索,C
2024年1月1日 - 2024年12月31日,中文,CSSCI,政治学,江苏行政学院学报,C
2024年1月1日 - 2024年12月31日,中文,CSSCI,政治学,世界经济与政治,A
2024年1月1日 - 2024年12月31日,中文,CSSCI,政治学,政治学研究,A
2024年1月1日 - 2024年12月31日,中文,CSSCI,政治学,国际问题研究,A
2024年1月1日 - 2024年12月31日,中文,CSSCI,政治学,当代亚太,B
2024年1月1日 - 2024年12月31日,中文,CSSCI,政治学,外交评论(外交学院学报),B
2024年1月1日 - 2024年12月31日,中文,CSSCI,政治学,公共行政评论,B
2024年1月1日 - 2024年12月31日,中文,CSSCI,政治学,东北亚论坛,B
2024年1月1日 - 2024年12月31日,中文,CSSCI,政治学,国际政治研究,B
2024年1月1日 - 2024年12月31日,中文,CSSCI,政治学,国际观察,B
2024年1月1日 - 2024年12月31日,中文,CSSCI,政治学,国际安全研究,B
2024年1月1日 - 2024年12月31日,中文,CSSCI,政治学,现代国际关系,B
2024年1月1日 - 2024年12月31日,中文,CSSCI,政治学,行政论坛,C
2024年1月1日 - 2024年12月31日,中文,CSSCI,政治学,国际政治科学,C
2024年1月1日 - 2024年12月31日,中文,CSSCI,政治学,南亚研究,C
2024年1月1日 - 2024年12月31日,中文,CSSCI,政治学,国际展望,C
2024年1月1日 - 2024年12月31日,中文,CSSCI,政治学,欧洲研究,C
2024年1月1日 - 2024年12月31日,中文,CSSCI,政治学,美国研究,C
2024年1月1日 - 2024年12月31日,中文,CSSCI,政治学,日本学刊,C
2024年1月1日 - 2024年12月31日,中文,CSSCI,政治学,德国研究,C
2024年1月1日 - 2024年12月31日,中文,CSSCI,政治学,太平洋学报,C
2024年1月1日 - 2024年12月31日,中文,CSSCI,政治学,南洋问题研究,C
2024年1月1日 - 2024年12月31日,中文,CSSCI,政治学,国际论坛,C
2024年1月1日 - 2024年12月31日,中文,CSSCI,政治学,东南亚研究,C
2024年1月1日 - 2024年12月31日,中文,CSSCI,政治学,西亚非洲,C
2024年1月1日 - 2024年12月31日,中文,CSSCI,政治学,当代世界,C
2024年1月1日 - 2024年12月31日,中文,CSSCI,政治学,和平与发展,C
2024年1月1日 - 2024年12月31日,中文,CSSCI,政治学,理论学刊,C
2024年1月1日 - 2024年12月31日,中文,CSSCI,政治学,理论与改革,C
2024年1月1日 - 2024年12月31日,中文,CSSCI,政治学,人权,C
2024年1月1日 - 2024年12月31日,中文,CSSCI,政治学,台湾研究,C
2024年1月1日 - 2024年12月31日,中文,CSSCI,中国文学,文学评论,A
2024年1月1日 - 2024年12月31日,中文,CSSCI,中国文学,文艺理论研究,A
2024年1月1日 - 2024年12月31日,中文,CSSCI,中国文学,文学遗产,B
2024年1月1日 - 2024年12月31日,中文,CSSCI,中国文学,当代作家评论,B
2024年1月1日 - 2024年12月31日,中文,CSSCI,中国文学,中国比较文学,B
2024年1月1日 - 2024年12月31日,中文,CSSCI,中国文学,文艺争鸣,B
2024年1月1日 - 2024年12月31日,中文,CSSCI,中国文学,中国文学研究,B
2024年1月1日 - 2024年12月31日,中文,CSSCI,中国文学,中国现代文学研究丛刊,C
2024年1月1日 - 2024年12月31日,中文,CSSCI,中国文学,南方文坛,C
2024年1月1日 - 2024年12月31日,中文,CSSCI,中国文学,民族文学研究,C
2024年1月1日 - 2024年12月31日,中文,CSSCI,中国文学,明清小说研究,C
2024年1月1日 - 2024年12月31日,中文,CSSCI,中国文学,文艺理论与批评,C
2024年1月1日 - 2024年12月31日,中文,CSSCI,中国文学,扬子江文学评论,C
2024年1月1日 - 2024年12月31日,中文,CSSCI,中国文学,当代文坛,C
2024年1月1日 - 2024年12月31日,中文,CSSCI,中国文学,现代中文学刊,C
2024年1月1日 - 2024年12月31日,中文,CSSCI,中国文学,小说评论,C
2024年1月1日 - 2024年12月31日,中文,CSSCI,中国文学,新文学史料,C
2024年1月1日 - 2024年12月31日,中文,CSSCI,中国文学,中国文学批评,C
2024年1月1日 - 2024年12月31日,中文,CSSCI,自然资源与环境,中国人口·资源与环境,A
2024年1月1日 - 2024年12月31日,中文,CSSCI,自然资源与环境,资源科学,B
2024年1月1日 - 2024年12月31日,中文,CSSCI,自然资源与环境,中国土地科学,C
2024年1月1日 - 2024年12月31日,中文,CSSCI,自然资源与环境,自然资源学报,C
2024年1月1日 - 2024年12月31日,中文,CSSCI,自然资源与环境,长江流域资源与环境,C
2024年1月1日 - 2024年12月31日,中文,CSSCI,自然资源与环境,干旱区资源与环境,C
2024年1月1日 - 2024年12月31日,中文,CSSCI,宗教学,世界宗教文化,B
2024年1月1日 - 2024年12月31日,中文,CSSCI,宗教学,世界宗教研究,C
2024年1月1日 - 2024年12月31日,中文,CSSCI,宗教学,宗教学研究,C
2024年1月1日 - 2024年12月31日,中文,CSSCI,综合社科,中国社会科学,特类
2024年1月1日 - 2024年12月31日,中文,CSSCI,综合社科,开放时代,C
2024年1月1日 - 2024年12月31日,中文,CSSCI,综合社科,学术月刊,C
2024年1月1日 - 2024年12月31日,中文,CSSCI,综合社科,南京社会科学,C
2024年1月1日 - 2024年12月31日,中文,CSSCI,综合社科,社会科学,C
2024年1月1日 - 2024年12月31日,中文,CSSCI,综合社科,探索与争鸣,C
2024年1月1日 - 2024年12月31日,中文,CSSCI,综合社科,文化纵横,C
2024年1月1日 - 2024年12月31日,中文,CSSCI,综合社科,学海,C
2024年1月1日 - 2024年12月31日,中文,CSSCI,综合社科,江淮论坛,C
2024年1月1日 - 2024年12月31日,中文,CSSCI,综合社科,社会科学研究,C
2024年1月1日 - 2024年12月31日,中文,CSSCI,综合社科,中国高校社会科学,C
2024年1月1日 - 2024年12月31日,中文,CSSCI,综合社科,浙江社会科学,C
2024年1月1日 - 2024年12月31日,中文,CSSCI,综合社科,天津社会科学,C
2024年1月1日 - 2024年12月31日,中文,CSSCI,综合社科,江海学刊,C
2024年1月1日 - 2024年12月31日,中文,CSSCI,综合社科,江苏社会科学,C
2024年1月1日 - 2024年12月31日,中文,CSSCI,综合社科,贵州社会科学,C
2024年1月1日 - 2024年12月31日,中文,CSSCI,综合社科,思想战线,C
2024年1月1日 - 2024年12月31日,中文,CSSCI,综合社科,学术研究,C
2024年1月1日 - 2024年12月31日,中文,CSSCI,综合社科,学术前沿,C
2024年1月1日 - 2024年12月31日,中文,CSSCI,综合社科,学习与探索,C
2024年1月1日 - 2024年12月31日,中文,CSSCI,综合社科,广东社会科学,C
2024年1月1日 - 2024年12月31日,中文,CSSCI,综合社科,学习与实践,C
2024年1月1日 - 2024年12月31日,中文,CSSCI,综合社科,求是学刊,C
2024年1月1日 - 2024年12月31日,中文,CSSCI,综合社科,文史哲,C
2024年1月1日 - 2024年12月31日,中文,CSSCI,综合社科,人文杂志,C
2024年1月1日 - 2024年12月31日,中文,CSSCI,综合社科,北京社会科学,C
2024年1月1日 - 2024年12月31日,中文,CSSCI,综合社科,山东社会科学,C
2024年1月1日 - 2024年12月31日,中文,CSSCI,综合社科,中州学刊,C
2024年1月1日 - 2024年12月31日,中文,CSSCI,综合社科,社会科学战线,C
2024年1月1日 - 2024年12月31日,中文,CSSCI,综合社科,江汉论坛,C
2024年1月1日 - 2024年12月31日,中文,CSSCI,综合社科,甘肃社会科学,C
2024年1月1日 - 2024年12月31日,中文,CSSCI,综合社科,江西社会科学,C
2024年1月1日 - 2024年12月31日,中文,CSSCI,综合社科,云南社会科学,C
2024年1月1日 - 2024年12月31日,中文,CSSCI,综合社科,东南学术,C
2024年1月1日 - 2024年12月31日,中文,CSSCI,综合社科,社会科学辑刊,C
2024年1月1日 - 2024年12月31日,中文,CSSCI,综合社科,求索,C
2024年1月1日 - 2024年12月31日,中文,CSSCI,综合社科,东岳论丛,C
2024年1月1日 - 2024年12月31日,中文,CSSCI,综合社科,国外社会科学,C
2024年1月1日 - 2024年12月31日,中文,CSSCI,综合社科,内蒙古社会科学,C
2024年1月1日 - 2024年12月31日,中文,CSSCI,综合社科,福建论坛(人文社会科学版),C
2024年1月1日 - 2024年12月31日,中文,CSSCI,综合社科,学术界,C
2024年1月1日 - 2024年12月31日,中文,CSSCI,综合社科,河北学刊,C
2024年1月1日 - 2024年12月31日,中文,CSSCI,综合社科,读书,C
2024年1月1日 - 2024年12月31日,中文,CSSCI,综合社科,浙江学刊,C
2024年1月1日 - 2024年12月31日,中文,CSSCI,综合社科,人民论坛,C
2024年1月1日 - 2024年12月31日,中文,CSSCI,综合社科,新疆社会科学,C
2024年1月1日 - 2024年12月31日,中文,CSSCI,综合社科,青海社会科学,C
2024年1月1日 - 2024年12月31日,中文,CSSCI,综合社科,宁夏社会科学,C
2024年1月1日 - 2024年12月31日,中文,CSSCI,综合社科,学术论坛,C
2024年1月1日 - 2024年12月31日,中文,CSSCI,高校综合性学报,中国人民大学学报,C
2024年1月1日 - 2024年12月31日,中文,CSSCI,高校综合性学报,清华大学学报(哲学社会科学版),C
2024年1月1日 - 2024年12月31日,中文,CSSCI,高校综合性学报,华中师范大学学报(人文社会科学版),C
2024年1月1日 - 2024年12月31日,中文,CSSCI,高校综合性学报,浙江大学学报(人文社会科学版),C
2024年1月1日 - 2024年12月31日,中文,CSSCI,高校综合性学报,吉林大学社会科学学报,C
2024年1月1日 - 2024年12月31日,中文,CSSCI,高校综合性学报,北京大学学报(哲学社会科学版),C
2024年1月1日 - 2024年12月31日,中文,CSSCI,高校综合性学报,南京大学学报(哲学.人文科学.社会科学),C
2024年1月1日 - 2024年12月31日,中文,CSSCI,高校综合性学报,北京师范大学学报(社会科学版),C
2024年1月1日 - 2024年12月31日,中文,CSSCI,高校综合性学报,复旦学报(社会科学版),C
2024年1月1日 - 2024年12月31日,中文,CSSCI,高校综合性学报,上海交通大学学报(哲学社会科学版),C
2024年1月1日 - 2024年12月31日,中文,CSSCI,高校综合性学报,南开学报(哲学社会科学版),C
2024年1月1日 - 2024年12月31日,中文,CSSCI,高校综合性学报,中山大学学报(社会科学版),C
2024年1月1日 - 2024年12月31日,中文,CSSCI,高校综合性学报,华中科技大学学报(社会科学版),C
2024年1月1日 - 2024年12月31日,中文,CSSCI,高校综合性学报,厦门大学学报(哲学社会科学版),C
2024年1月1日 - 2024年12月31日,中文,CSSCI,高校综合性学报,四川大学学报(哲学社会科学版),C
2024年1月1日 - 2024年12月31日,中文,CSSCI,高校综合性学报,苏州大学学报(哲学社会科学版),C
2024年1月1日 - 2024年12月31日,中文,CSSCI,高校综合性学报,江西师范大学学报(哲学社会科学版),C
2024年1月1日 - 2024年12月31日,中文,CSSCI,高校综合性学报,华东师范大学学报(哲学社会科学版),C
2024年1月1日 - 2024年12月31日,中文,CSSCI,高校综合性学报,云南师范大学学报(哲学社会科学版),C
2024年1月1日 - 2024年12月31日,中文,CSSCI,高校综合性学报,南京师大学报(社会科学版),C
2024年1月1日 - 2024年12月31日,中文,CSSCI,高校综合性学报,湖南科技大学学报(社会科学版),C
2024年1月1日 - 2024年12月31日,中文,CSSCI,高校综合性学报,西南大学学报(社会科学版),C
2024年1月1日 - 2024年12月31日,中文,CSSCI,高校综合性学报,兰州大学学报(社会科学版),C
2024年1月1日 - 2024年12月31日,中文,CSSCI,高校综合性学报,上海大学学报(社会科学版),C
2024年1月1日 - 2024年12月31日,中文,CSSCI,高校综合性学报,东南大学学报(哲学社会科学版),C
2024年1月1日 - 2024年12月31日,中文,CSSCI,高校综合性学报,河南大学学报(社会科学版),C
2024年1月1日 - 2024年12月31日,中文,CSSCI,高校综合性学报,暨南学报(哲学社会科学版),C
2024年1月1日 - 2024年12月31日,中文,CSSCI,高校综合性学报,西北师大学报(社会科学版),C
2024年1月1日 - 2024年12月31日,中文,CSSCI,高校综合性学报,上海师范大学学报(哲学社会科学版),C
2024年1月1日 - 2024年12月31日,中文,CSSCI,高校综合性学报,山东师范大学学报(人文社会科学版),C
2024年1月1日 - 2024年12月31日,中文,CSSCI,高校综合性学报,湖南大学学报(社会科学版),C
2024年1月1日 - 2024年12月31日,中文,CSSCI,高校综合性学报,郑州大学学报(哲学社会科学版),C
2024年1月1日 - 2024年12月31日,中文,CSSCI,高校综合性学报,广西大学学报(哲学社会科学版),C
2024年1月1日 - 2024年12月31日,中文,CSSCI,高校综合性学报,西北大学学报(哲学社会科学版),C
2024年1月1日 - 2024年12月31日,中文,CSSCI,高校综合性学报,华南师范大学学报(社会科学版),C
2024年1月1日 - 2024年12月31日,中文,CSSCI,高校综合性学报,同济大学学报(社会科学版),C
2024年1月1日 - 2024年12月31日,中文,CSSCI,高校综合性学报,安徽大学学报(哲学社会科学版),C
2024年1月1日 - 2024年12月31日,中文,CSSCI,高校综合性学报,中南大学学报(社会科学版),C
2024年1月1日 - 2024年12月31日,中文,CSSCI,高校综合性学报,东北大学学报(社会科学版),C
2024年1月1日 - 2024年12月31日,中文,CSSCI,高校综合性学报,湖北大学学报(哲学社会科学版),C
2024年1月1日 - 2024年12月31日,中文,CSSCI,高校综合性学报,深圳大学学报(人文社会科学版),C
2024年1月1日 - 2024年12月31日,中文,CSSCI,高校综合性学报,四川师范大学学报(社会科学版),C
2024年1月1日 - 2024年12月31日,中文,CSSCI,高校综合性学报,山西大学学报(哲学社会科学版),C
2024年1月1日 - 2024年12月31日,中文,CSSCI,高校综合性学报,福建师范大学学报(哲学社会科学版),C
2024年1月1日 - 2024年12月31日,中文,CSSCI,高校综合性学报,海南大学学报(人文社会科学版),C
2024年1月1日 - 2024年12月31日,中文,CSSCI,高校综合性学报,新疆大学学报(哲学人文社会科学版),C
2024年1月1日 - 2024年12月31日,中文,CSSCI,高校综合性学报,西藏大学学报(社会科学版),C
2024年1月1日 - 2024年12月31日,中文,CSSCI,高校综合性学报,河南师范大学学报(哲学社会科学版),C
2024年1月1日 - 2024年12月31日,中文,CSSCI,高校综合性学报,济南大学学报(社会科学版),C
2024年1月1日 - 2024年12月31日,中文,CSSCI,高校综合性学报,南昌大学学报(人文社会科学版),C
2024年1月1日 - 2024年12月31日,中文,CSSCI,高校综合性学报,陕西师范大学学报(哲学社会科学版),C
2024年1月1日 - 2024年12月31日,中文,CSSCI,高校综合性学报,北京工业大学学报(社会科学版),C
2024年1月1日 - 2024年12月31日,中文,CSSCI,高校综合性学报,首都师范大学学报(社会科学版),C
2024年1月1日 - 2024年12月31日,中文,CSSCI,高校综合性学报,南京农业大学学报(社会科学版),C
2024年1月1日 - 2024年12月31日,中文,CSSCI,高校综合性学报,新疆师范大学学报(哲学社会科学版),C
2024年1月1日 - 2024年12月31日,中文,CSSCI,高校综合性学报,中国农业大学学报(社会科学版),C
2024年1月1日 - 2024年12月31日,中文,CSSCI,高校综合性学报,中国地质大学学报(社会科学版),C
2024年1月1日 - 2024年12月31日,中文,CSSCI,高校综合性学报,华南农业大学学报(社会科学版),C
2024年1月1日 - 2024年12月31日,中文,CSSCI,高校综合性学报,武汉大学学报(哲学社会科学版),C
2024年1月1日 - 2024年12月31日,中文,CSSCI,高校综合性学报,山东大学学报(哲学社会科学版),C
2024年1月1日 - 2024年12月31日,中文,CSSCI,高校综合性学报,北京工商大学学报(社会科学版),C
2024年1月1日 - 2024年12月31日,中文,CSSCI,高校综合性学报,华中农业大学学报(社会科学版),C
2024年1月1日 - 2024年12月31日,中文,CSSCI,高校综合性学报,西北农林科技大学学报(社会科学版),C
2024年1月1日 - 2024年12月31日,中文,CSSCI,高校综合性学报,河海大学学报(哲学社会科学版),C
2024年1月1日 - 2024年12月31日,中文,CSSCI,高校综合性学报,湖南师范大学社会科学学报,C
2024年1月1日 - 2024年12月31日,中文,CSSCI,高校综合性学报,西安交通大学学报(社会科学版),C
2024年1月1日 - 2024年12月31日,中文,CSSCI,高校综合性学报,吉首大学学报(社会科学版),C
2024年1月1日 - 2024年12月31日,中文,CSSCI,高校综合性学报,重庆大学学报(社会科学版),C
2024年1月1日 - 2024年12月31日,中文,CSSCI,高校综合性学报,大连理工大学学报(社会科学版),C
2024年1月1日 - 2024年12月31日,中文,CSSCI,高校综合性学报,北京联合大学学报(人文社会科学版),C
2024年1月1日 - 2024年12月31日,中文,CSSCI,高校综合性学报,东北师大学报(哲学社会科学版),C
2024年1月1日 - 2024年12月31日,中文,CSSCI,高校综合性学报,浙江工商大学学报,C
2024年1月1日 - 2024年12月31日,中文,CSSCI,高校综合性学报,湘潭大学学报(哲学社会科学版),C
2024年1月1日 - 2024年12月31日,中文,CSSCI,高校综合性学报,南通大学学报(社会科学版),C
2024年1月1日 - 2024年12月31日,中文,CSSCI,冷门绝学,出土文献,C
2024年1月1日 - 2024年12月31日,中文,CSSCI,冷门绝学,历史地理研究,C
2024年1月1日 - 2024年12月31日,中文,CSSCI,台湾地区期刊,地理学报（台湾）,C
2024年1月1日 - 2024年12月31日,中文,CSSCI,台湾地区期刊,公共行政学报,C
2024年1月1日 - 2024年12月31日,中文,CSSCI,台湾地区期刊,管理学报（台湾）,C
2024年1月1日 - 2024年12月31日,中文,CSSCI,台湾地区期刊,会计评论,C
2024年1月1日 - 2024年12月31日,中文,CSSCI,台湾地区期刊,教育科学研究期刊,C
2024年1月1日 - 2024年12月31日,中文,CSSCI,台湾地区期刊,教育实践与研究,C
2024年1月1日 - 2024年12月31日,中文,CSSCI,台湾地区期刊,教育心理学报,C
2024年1月1日 - 2024年12月31日,中文,CSSCI,台湾地区期刊,经济论文,C
2024年1月1日 - 2024年12月31日,中文,CSSCI,台湾地区期刊,经济论文丛刊,C
2024年1月1日 - 2024年12月31日,中文,CSSCI,台湾地区期刊,历史语言研究所集刊,C
2024年1月1日 - 2024年12月31日,中文,CSSCI,台湾地区期刊,清华中文学报,C
2024年1月1日 - 2024年12月31日,中文,CSSCI,台湾地区期刊,设计学报,C
2024年1月1日 - 2024年12月31日,中文,CSSCI,台湾地区期刊,台大历史学报,C
2024年1月1日 - 2024年12月31日,中文,CSSCI,台湾地区期刊,台大社会工作学刊,C
2024年1月1日 - 2024年12月31日,中文,CSSCI,台湾地区期刊,台大中文学报,C
2024年1月1日 - 2024年12月31日,中文,CSSCI,台湾地区期刊,台湾大学美术史研究集刊,C
2024年1月1日 - 2024年12月31日,中文,CSSCI,台湾地区期刊,台湾经济预测与政策,C
2024年1月1日 - 2024年12月31日,中文,CSSCI,台湾地区期刊,特殊教育研究学刊,C
2024年1月1日 - 2024年12月31日,中文,CSSCI,台湾地区期刊,体育学报,C
2024年1月1日 - 2024年12月31日,中文,CSSCI,台湾地区期刊,图书资讯学刊,C
2024年1月1日 - 2024年12月31日,中文,CSSCI,台湾地区期刊,文与哲,C
2024年1月1日 - 2024年12月31日,中文,CSSCI,台湾地区期刊,月旦法学,C
2024年1月1日 - 2024年12月31日,中文,CSSCI,台湾地区期刊,哲学与文化,C
2024年1月1日 - 2024年12月31日,中文,CSSCI,台湾地区期刊,证券市场发展季刊,C
2024年1月1日 - 2024年12月31日,中文,CSSCI,台湾地区期刊,政大法学评论,C
2024年1月1日 - 2024年12月31日,中文,CSSCI,台湾地区期刊,政治大学哲学学报,C
2024年1月1日 - 2024年12月31日,中文,CSSCI,台湾地区期刊,中国文哲研究集刊,C
2024年1月1日 - 2024年12月31日,中文,CSSCI,台湾地区期刊,中华传播学刊,C
2024年1月1日 - 2024年12月31日,中文,CSSCI,台湾地区期刊,中研院法学期刊,C
2024年1月1日 - 2024年12月31日,中文,CSSCI,台湾地区期刊,组织与管理,C
2023年1月1日 - 2023年12月31日,中文,CSSCI,法学,中国法学,A
2023年1月1日 - 2023年12月31日,中文,CSSCI,法学,法学研究,A
2023年1月1日 - 2023年12月31日,中文,CSSCI,法学,中外法学,B
2023年1月1日 - 2023年12月31日,中文,CSSCI,法学,清华法学,B
2023年1月1日 - 2023年12月31日,中文,CSSCI,法学,法学,B
2023年1月1日 - 2023年12月31日,中文,CSSCI,法学,法学家,B
2023年1月1日 - 2023年12月31日,中文,CSSCI,法学,法商研究,B
2023年1月1日 - 2023年12月31日,中文,CSSCI,法学,当代法学,B
2023年1月1日 - 2023年12月31日,中文,CSSCI,法学,法制与社会发展,B
2023年1月1日 - 2023年12月31日,中文,CSSCI,法学,法律科学(西北政法大学学报),B
2023年1月1日 - 2023年12月31日,中文,CSSCI,法学,现代法学,C
2023年1月1日 - 2023年12月31日,中文,CSSCI,法学,法学评论,C
2023年1月1日 - 2023年12月31日,中文,CSSCI,法学,政法论坛,C
2023年1月1日 - 2023年12月31日,中文,CSSCI,法学,比较法研究,C
2023年1月1日 - 2023年12月31日,中文,CSSCI,法学,政治与法律,C
2023年1月1日 - 2023年12月31日,中文,CSSCI,法学,行政法学研究,C
2023年1月1日 - 2023年12月31日,中文,CSSCI,法学,环球法律评论,C
2023年1月1日 - 2023年12月31日,中文,CSSCI,法学,法学论坛,C
2023年1月1日 - 2023年12月31日,中文,CSSCI,法学,华东政法大学学报,C
2023年1月1日 - 2023年12月31日,中文,CSSCI,法学,中国刑事法杂志,C
2023年1月1日 - 2023年12月31日,中文,CSSCI,法学,国家检察官学院学报,C
2023年1月1日 - 2023年12月31日,中文,CSSCI,法学,政法论丛,C
2023年1月1日 - 2023年12月31日,中文,CSSCI,法学,东方法学,C
2023年1月1日 - 2023年12月31日,中文,CSSCI,法学,中国法律评论,C
2023年1月1日 - 2023年12月31日,中文,CSSCI,管理学,管理世界,A
2023年1月1日 - 2023年12月31日,中文,CSSCI,管理学,南开管理评论,A
2023年1月1日 - 2023年12月31日,中文,CSSCI,管理学,公共管理学报,A
2023年1月1日 - 2023年12月31日,中文,CSSCI,管理学,会计研究,A
2023年1月1日 - 2023年12月31日,中文,CSSCI,管理学,科学学研究,B
2023年1月1日 - 2023年12月31日,中文,CSSCI,管理学,科研管理,B
2023年1月1日 - 2023年12月31日,中文,CSSCI,管理学,中国软科学,B
2023年1月1日 - 2023年12月31日,中文,CSSCI,管理学,管理科学,B
2023年1月1日 - 2023年12月31日,中文,CSSCI,管理学,科学学与科学技术管理,B
2023年1月1日 - 2023年12月31日,中文,CSSCI,管理学,管理科学学报,B
2023年1月1日 - 2023年12月31日,中文,CSSCI,管理学,研究与发展管理,B
2023年1月1日 - 2023年12月31日,中文,CSSCI,管理学,外国经济与管理,B
2023年1月1日 - 2023年12月31日,中文,CSSCI,管理学,管理评论,B
2023年1月1日 - 2023年12月31日,中文,CSSCI,管理学,中国行政管理,B
2023年1月1日 - 2023年12月31日,中文,CSSCI,管理学,管理学报,C
2023年1月1日 - 2023年12月31日,中文,CSSCI,管理学,中国管理科学,C
2023年1月1日 - 2023年12月31日,中文,CSSCI,管理学,审计研究,C
2023年1月1日 - 2023年12月31日,中文,CSSCI,管理学,管理工程学报,C
2023年1月1日 - 2023年12月31日,中文,CSSCI,管理学,经济管理,C
2023年1月1日 - 2023年12月31日,中文,CSSCI,管理学,管理学刊,C
2023年1月1日 - 2023年12月31日,中文,CSSCI,管理学,审计与经济研究,C
2023年1月1日 - 2023年12月31日,中文,CSSCI,管理学,电子政务,C
2023年1月1日 - 2023年12月31日,中文,CSSCI,管理学,系统工程理论与实践,C
2023年1月1日 - 2023年12月31日,中文,CSSCI,管理学,科技进步与对策,C
2023年1月1日 - 2023年12月31日,中文,CSSCI,管理学,软科学,C
2023年1月1日 - 2023年12月31日,中文,CSSCI,管理学,中国科技论坛,C
2023年1月1日 - 2023年12月31日,中文,CSSCI,管理学,预测,C
2023年1月1日 - 2023年12月31日,中文,CSSCI,管理学,会计与经济研究,C
2023年1月1日 - 2023年12月31日,中文,CSSCI,管理学,经济体制改革,C
2023年1月1日 - 2023年12月31日,中文,CSSCI,管理学,科学决策,C
2023年1月1日 - 2023年12月31日,中文,CSSCI,管理学,宏观质量研究,C
2023年1月1日 - 2023年12月31日,中文,CSSCI,管理学,科学管理研究,C
2023年1月1日 - 2023年12月31日,中文,CSSCI,管理学,社会保障评论,C
2023年1月1日 - 2023年12月31日,中文,CSSCI,管理学,公共管理与政策评论,C
2023年1月1日 - 2023年12月31日,中文,CSSCI,管理学,治理研究,C
2023年1月1日 - 2023年12月31日,中文,CSSCI,管理学,中国科学院院刊,C
2023年1月1日 - 2023年12月31日,中文,CSSCI,教育学,开放教育研究,A
2023年1月1日 - 2023年12月31日,中文,CSSCI,教育学,现代远程教育研究,B
2023年1月1日 - 2023年12月31日,中文,CSSCI,教育学,远程教育杂志,B
2023年1月1日 - 2023年12月31日,中文,CSSCI,教育学,中国电化教育,C
2023年1月1日 - 2023年12月31日,中文,CSSCI,教育学,电化教育研究,C
2023年1月1日 - 2023年12月31日,中文,CSSCI,教育学,现代教育技术,C
2023年1月1日 - 2023年12月31日,中文,CSSCI,教育学,中国远程教育,C
2023年1月1日 - 2023年12月31日,中文,CSSCI,教育学,现代远距离教育,C
2023年1月1日 - 2023年12月31日,中文,CSSCI,教育学,教育研究,A
2023年1月1日 - 2023年12月31日,中文,CSSCI,教育学,北京大学教育评论,A
2023年1月1日 - 2023年12月31日,中文,CSSCI,教育学,高等教育研究,A
2023年1月1日 - 2023年12月31日,中文,CSSCI,教育学,清华大学教育研究,B
2023年1月1日 - 2023年12月31日,中文,CSSCI,教育学,中国高教研究,B
2023年1月1日 - 2023年12月31日,中文,CSSCI,教育学,华东师范大学学报(教育科学版),B
2023年1月1日 - 2023年12月31日,中文,CSSCI,教育学,教育发展研究,B
2023年1月1日 - 2023年12月31日,中文,CSSCI,教育学,全球教育展望,B
2023年1月1日 - 2023年12月31日,中文,CSSCI,教育学,复旦教育论坛,B
2023年1月1日 - 2023年12月31日,中文,CSSCI,教育学,教育与经济,B
2023年1月1日 - 2023年12月31日,中文,CSSCI,教育学,教师教育研究,B
2023年1月1日 - 2023年12月31日,中文,CSSCI,教育学,比较教育研究,B
2023年1月1日 - 2023年12月31日,中文,CSSCI,教育学,高等工程教育研究,C
2023年1月1日 - 2023年12月31日,中文,CSSCI,教育学,课程.教材.教法,C
2023年1月1日 - 2023年12月31日,中文,CSSCI,教育学,教育学报,C
2023年1月1日 - 2023年12月31日,中文,CSSCI,教育学,中国高等教育,C
2023年1月1日 - 2023年12月31日,中文,CSSCI,教育学,中国教育学刊,C
2023年1月1日 - 2023年12月31日,中文,CSSCI,教育学,高校教育管理,C
2023年1月1日 - 2023年12月31日,中文,CSSCI,教育学,现代大学教育,C
2023年1月1日 - 2023年12月31日,中文,CSSCI,教育学,学位与研究生教育,C
2023年1月1日 - 2023年12月31日,中文,CSSCI,教育学,教育研究与实验,C
2023年1月1日 - 2023年12月31日,中文,CSSCI,教育学,国家教育行政学院学报,C
2023年1月1日 - 2023年12月31日,中文,CSSCI,教育学,教育科学,C
2023年1月1日 - 2023年12月31日,中文,CSSCI,教育学,外国教育研究,C
2023年1月1日 - 2023年12月31日,中文,CSSCI,教育学,湖南师范大学教育科学学报,C
2023年1月1日 - 2023年12月31日,中文,CSSCI,教育学,学前教育研究,C
2023年1月1日 - 2023年12月31日,中文,CSSCI,教育学,江苏高教,C
2023年1月1日 - 2023年12月31日,中文,CSSCI,教育学,大学教育科学,C
2023年1月1日 - 2023年12月31日,中文,CSSCI,教育学,研究生教育研究,C
2023年1月1日 - 2023年12月31日,中文,CSSCI,经济学,经济研究,A
2023年1月1日 - 2023年12月31日,中文,CSSCI,经济学,经济学(季刊),A
2023年1月1日 - 2023年12月31日,中文,CSSCI,经济学,中国工业经济,A
2023年1月1日 - 2023年12月31日,中文,CSSCI,经济学,世界经济,A
2023年1月1日 - 2023年12月31日,中文,CSSCI,经济学,金融研究,A
2023年1月1日 - 2023年12月31日,中文,CSSCI,经济学,财经研究,A
2023年1月1日 - 2023年12月31日,中文,CSSCI,经济学,数量经济技术经济研究,B
2023年1月1日 - 2023年12月31日,中文,CSSCI,经济学,中国农村经济,B
2023年1月1日 - 2023年12月31日,中文,CSSCI,经济学,农业经济问题,B
2023年1月1日 - 2023年12月31日,中文,CSSCI,经济学,经济学家,B
2023年1月1日 - 2023年12月31日,中文,CSSCI,经济学,南开经济研究,B
2023年1月1日 - 2023年12月31日,中文,CSSCI,经济学,中国农村观察,B
2023年1月1日 - 2023年12月31日,中文,CSSCI,经济学,国际贸易问题,B
2023年1月1日 - 2023年12月31日,中文,CSSCI,经济学,经济科学,B
2023年1月1日 - 2023年12月31日,中文,CSSCI,经济学,财贸经济,B
2023年1月1日 - 2023年12月31日,中文,CSSCI,经济学,国际金融研究,B
2023年1月1日 - 2023年12月31日,中文,CSSCI,经济学,经济评论,B
2023年1月1日 - 2023年12月31日,中文,CSSCI,经济学,产业经济研究,B
2023年1月1日 - 2023年12月31日,中文,CSSCI,经济学,经济理论与经济管理,B
2023年1月1日 - 2023年12月31日,中文,CSSCI,经济学,改革,B
2023年1月1日 - 2023年12月31日,中文,CSSCI,经济学,经济社会体制比较,B
2023年1月1日 - 2023年12月31日,中文,CSSCI,经济学,世界经济文汇,B
2023年1月1日 - 2023年12月31日,中文,CSSCI,经济学,世界经济研究,B
2023年1月1日 - 2023年12月31日,中文,CSSCI,经济学,经济学动态,B
2023年1月1日 - 2023年12月31日,中文,CSSCI,经济学,国际经济评论,B
2023年1月1日 - 2023年12月31日,中文,CSSCI,经济学,农业技术经济,C
2023年1月1日 - 2023年12月31日,中文,CSSCI,经济学,国际经贸探索,C
2023年1月1日 - 2023年12月31日,中文,CSSCI,经济学,当代经济科学,C
2023年1月1日 - 2023年12月31日,中文,CSSCI,经济学,世界经济与政治论坛,C
2023年1月1日 - 2023年12月31日,中文,CSSCI,经济学,中国经济问题,C
2023年1月1日 - 2023年12月31日,中文,CSSCI,经济学,财经科学,C
2023年1月1日 - 2023年12月31日,中文,CSSCI,经济学,金融经济学研究,C
2023年1月1日 - 2023年12月31日,中文,CSSCI,经济学,宏观经济研究,C
2023年1月1日 - 2023年12月31日,中文,CSSCI,经济学,财贸研究,C
2023年1月1日 - 2023年12月31日,中文,CSSCI,经济学,当代财经,C
2023年1月1日 - 2023年12月31日,中文,CSSCI,经济学,现代日本经济,C
2023年1月1日 - 2023年12月31日,中文,CSSCI,经济学,南方经济,C
2023年1月1日 - 2023年12月31日,中文,CSSCI,经济学,商业经济与管理,C
2023年1月1日 - 2023年12月31日,中文,CSSCI,经济学,经济经纬,C
2023年1月1日 - 2023年12月31日,中文,CSSCI,经济学,上海经济研究,C
2023年1月1日 - 2023年12月31日,中文,CSSCI,经济学,财政研究,C
2023年1月1日 - 2023年12月31日,中文,CSSCI,经济学,财经问题研究,C
2023年1月1日 - 2023年12月31日,中文,CSSCI,经济学,经济纵横,C
2023年1月1日 - 2023年12月31日,中文,CSSCI,经济学,政治经济学评论,C
2023年1月1日 - 2023年12月31日,中文,CSSCI,经济学,经济与管理研究,C
2023年1月1日 - 2023年12月31日,中文,CSSCI,经济学,国际贸易,C
2023年1月1日 - 2023年12月31日,中文,CSSCI,经济学,证券市场导报,C
2023年1月1日 - 2023年12月31日,中文,CSSCI,经济学,财经论丛,C
2023年1月1日 - 2023年12月31日,中文,CSSCI,经济学,金融论坛,C
2023年1月1日 - 2023年12月31日,中文,CSSCI,经济学,农村经济,C
2023年1月1日 - 2023年12月31日,中文,CSSCI,经济学,国际商务,C
2023年1月1日 - 2023年12月31日,中文,CSSCI,经济学,经济问题探索,C
2023年1月1日 - 2023年12月31日,中文,CSSCI,经济学,经济问题,C
2023年1月1日 - 2023年12月31日,中文,CSSCI,经济学,财经理论与实践,C
2023年1月1日 - 2023年12月31日,中文,CSSCI,经济学,亚太经济,C
2023年1月1日 - 2023年12月31日,中文,CSSCI,经济学,劳动经济研究,C
2023年1月1日 - 2023年12月31日,中文,CSSCI,经济学,商业研究,C
2023年1月1日 - 2023年12月31日,中文,CSSCI,经济学,现代经济探讨,C
2023年1月1日 - 2023年12月31日,中文,CSSCI,经济学,金融评论,C
2023年1月1日 - 2023年12月31日,中文,CSSCI,经济学,保险研究,C
2023年1月1日 - 2023年12月31日,中文,CSSCI,经济学,税务研究,C
2023年1月1日 - 2023年12月31日,中文,CSSCI,经济学,经济学报,C
2023年1月1日 - 2023年12月31日,中文,CSSCI,财经院校学报,中南财经政法大学学报,A
2023年1月1日 - 2023年12月31日,中文,CSSCI,财经院校学报,山西财经大学学报,B
2023年1月1日 - 2023年12月31日,中文,CSSCI,财经院校学报,上海财经大学学报,B
2023年1月1日 - 2023年12月31日,中文,CSSCI,财经院校学报,广东财经大学学报,C
2023年1月1日 - 2023年12月31日,中文,CSSCI,财经院校学报,贵州财经大学学报,C
2023年1月1日 - 2023年12月31日,中文,CSSCI,财经院校学报,江西财经大学学报,C
2023年1月1日 - 2023年12月31日,中文,CSSCI,财经院校学报,中央财经大学学报,C
2023年1月1日 - 2023年12月31日,中文,CSSCI,财经院校学报,现代财经,C
2023年1月1日 - 2023年12月31日,中文,CSSCI,考古学,文物,A
2023年1月1日 - 2023年12月31日,中文,CSSCI,考古学,考古,B
2023年1月1日 - 2023年12月31日,中文,CSSCI,考古学,考古学报,B
2023年1月1日 - 2023年12月31日,中文,CSSCI,考古学,江汉考古,C
2023年1月1日 - 2023年12月31日,中文,CSSCI,考古学,考古与文物,C
2023年1月1日 - 2023年12月31日,中文,CSSCI,考古学,故宫博物院院刊,C
2023年1月1日 - 2023年12月31日,中文,CSSCI,考古学,敦煌研究,C
2023年1月1日 - 2023年12月31日,中文,CSSCI,考古学,人类学学报,C
2023年1月1日 - 2023年12月31日,中文,CSSCI,历史学,历史研究,A
2023年1月1日 - 2023年12月31日,中文,CSSCI,历史学,近代史研究,A
2023年1月1日 - 2023年12月31日,中文,CSSCI,历史学,中国经济史研究,A
2023年1月1日 - 2023年12月31日,中文,CSSCI,历史学,史学月刊,B
2023年1月1日 - 2023年12月31日,中文,CSSCI,历史学,中国边疆史地研究,B
2023年1月1日 - 2023年12月31日,中文,CSSCI,历史学,中国史研究,B
2023年1月1日 - 2023年12月31日,中文,CSSCI,历史学,史学集刊,B
2023年1月1日 - 2023年12月31日,中文,CSSCI,历史学,抗日战争研究,B
2023年1月1日 - 2023年12月31日,中文,CSSCI,历史学,安徽史学,B
2023年1月1日 - 2023年12月31日,中文,CSSCI,历史学,清史研究,B
2023年1月1日 - 2023年12月31日,中文,CSSCI,历史学,史林,B
2023年1月1日 - 2023年12月31日,中文,CSSCI,历史学,中国社会经济史研究,B
2023年1月1日 - 2023年12月31日,中文,CSSCI,历史学,当代中国史研究,C
2023年1月1日 - 2023年12月31日,中文,CSSCI,历史学,中国农史,C
2023年1月1日 - 2023年12月31日,中文,CSSCI,历史学,史学理论研究,C
2023年1月1日 - 2023年12月31日,中文,CSSCI,历史学,历史档案,C
2023年1月1日 - 2023年12月31日,中文,CSSCI,历史学,世界历史,C
2023年1月1日 - 2023年12月31日,中文,CSSCI,历史学,西域研究,C
2023年1月1日 - 2023年12月31日,中文,CSSCI,历史学,中国历史地理论丛,C
2023年1月1日 - 2023年12月31日,中文,CSSCI,历史学,中华文史论丛,C
2023年1月1日 - 2023年12月31日,中文,CSSCI,历史学,古代文明,C
2023年1月1日 - 2023年12月31日,中文,CSSCI,历史学,华侨华人历史研究,C
2023年1月1日 - 2023年12月31日,中文,CSSCI,历史学,史学史研究,C
2023年1月1日 - 2023年12月31日,中文,CSSCI,历史学,文史,C
2023年1月1日 - 2023年12月31日,中文,CSSCI,历史学,自然科学史研究,C
2023年1月1日 - 2023年12月31日,中文,CSSCI,历史学,东南文化,C
2023年1月1日 - 2023年12月31日,中文,CSSCI,历史学,民国档案,C
2023年1月1日 - 2023年12月31日,中文,CSSCI,历史学,文献,C
2023年1月1日 - 2023年12月31日,中文,CSSCI,历史学,经济社会史评论,C
2023年1月1日 - 2023年12月31日,中文,CSSCI,历史学,中国史研究动态,C
2023年1月1日 - 2023年12月31日,中文,CSSCI,马克思主义理论,求是,A
2023年1月1日 - 2023年12月31日,中文,CSSCI,马克思主义理论,中国特色社会主义研究,A
2023年1月1日 - 2023年12月31日,中文,CSSCI,马克思主义理论,马克思主义与现实,B
2023年1月1日 - 2023年12月31日,中文,CSSCI,马克思主义理论,马克思主义研究,B
2023年1月1日 - 2023年12月31日,中文,CSSCI,马克思主义理论,社会主义研究,B
2023年1月1日 - 2023年12月31日,中文,CSSCI,马克思主义理论,教学与研究,B
2023年1月1日 - 2023年12月31日,中文,CSSCI,马克思主义理论,党建,B
2023年1月1日 - 2023年12月31日,中文,CSSCI,马克思主义理论,国外理论动态,B
2023年1月1日 - 2023年12月31日,中文,CSSCI,马克思主义理论,当代世界与社会主义,C
2023年1月1日 - 2023年12月31日,中文,CSSCI,马克思主义理论,红旗文稿,C
2023年1月1日 - 2023年12月31日,中文,CSSCI,马克思主义理论,毛泽东邓小平理论研究,C
2023年1月1日 - 2023年12月31日,中文,CSSCI,马克思主义理论,中共党史研究,C
2023年1月1日 - 2023年12月31日,中文,CSSCI,马克思主义理论,党的文献,C
2023年1月1日 - 2023年12月31日,中文,CSSCI,马克思主义理论,科学社会主义,C
2023年1月1日 - 2023年12月31日,中文,CSSCI,马克思主义理论,当代世界社会主义问题,C
2023年1月1日 - 2023年12月31日,中文,CSSCI,马克思主义理论,党史研究与教学,C
2023年1月1日 - 2023年12月31日,中文,CSSCI,马克思主义理论,思想理论教育导刊,C
2023年1月1日 - 2023年12月31日,中文,CSSCI,马克思主义理论,理论视野,C
2023年1月1日 - 2023年12月31日,中文,CSSCI,马克思主义理论,思想理论教育,C
2023年1月1日 - 2023年12月31日,中文,CSSCI,马克思主义理论,思想教育研究,C
2023年1月1日 - 2023年12月31日,中文,CSSCI,马克思主义理论,马克思主义理论学科研究,C
2023年1月1日 - 2023年12月31日,中文,CSSCI,民族学与文化学,民族研究,A
2023年1月1日 - 2023年12月31日,中文,CSSCI,民族学与文化学,民俗研究,B
2023年1月1日 - 2023年12月31日,中文,CSSCI,民族学与文化学,广西民族研究,B
2023年1月1日 - 2023年12月31日,中文,CSSCI,民族学与文化学,世界民族,B
2023年1月1日 - 2023年12月31日,中文,CSSCI,民族学与文化学,西北民族研究,C
2023年1月1日 - 2023年12月31日,中文,CSSCI,民族学与文化学,民族学刊,C
2023年1月1日 - 2023年12月31日,中文,CSSCI,民族学与文化学,文化遗产,C
2023年1月1日 - 2023年12月31日,中文,CSSCI,民族学与文化学,中国藏学,C
2023年1月1日 - 2023年12月31日,中文,CSSCI,民族学与文化学,贵州民族研究,C
2023年1月1日 - 2023年12月31日,中文,CSSCI,民族学与文化学,民族教育研究,C
2023年1月1日 - 2023年12月31日,中文,CSSCI,民族学与文化学,西南民族大学学报(人文社会科学版),A
2023年1月1日 - 2023年12月31日,中文,CSSCI,民族学与文化学,云南民族大学学报(哲学社会科学版),B
2023年1月1日 - 2023年12月31日,中文,CSSCI,民族学与文化学,中南民族大学学报(人文社会科学版),C
2023年1月1日 - 2023年12月31日,中文,CSSCI,民族学与文化学,中央民族大学学报(哲学社会科学版),C
2023年1月1日 - 2023年12月31日,中文,CSSCI,民族学与文化学,广西民族大学学报(哲学社会科学版),C
2023年1月1日 - 2023年12月31日,中文,CSSCI,人文经济地理,地理学报,A
2023年1月1日 - 2023年12月31日,中文,CSSCI,人文经济地理,地理研究,B
2023年1月1日 - 2023年12月31日,中文,CSSCI,人文经济地理,经济地理,B
2023年1月1日 - 2023年12月31日,中文,CSSCI,人文经济地理,地理科学,B
2023年1月1日 - 2023年12月31日,中文,CSSCI,人文经济地理,地理科学进展,B
2023年1月1日 - 2023年12月31日,中文,CSSCI,人文经济地理,人文地理,C
2023年1月1日 - 2023年12月31日,中文,CSSCI,人文经济地理,城市规划学刊,C
2023年1月1日 - 2023年12月31日,中文,CSSCI,人文经济地理,旅游学刊,C
2023年1月1日 - 2023年12月31日,中文,CSSCI,人文经济地理,城市规划,C
2023年1月1日 - 2023年12月31日,中文,CSSCI,人文经济地理,旅游科学,C
2023年1月1日 - 2023年12月31日,中文,CSSCI,人文经济地理,城市发展研究,C
2023年1月1日 - 2023年12月31日,中文,CSSCI,人文经济地理,城市问题,C
2023年1月1日 - 2023年12月31日,中文,CSSCI,社会学,人口研究,A
2023年1月1日 - 2023年12月31日,中文,CSSCI,社会学,中国人口科学,B
2023年1月1日 - 2023年12月31日,中文,CSSCI,社会学,人口与经济,C
2023年1月1日 - 2023年12月31日,中文,CSSCI,社会学,人口学刊,C
2023年1月1日 - 2023年12月31日,中文,CSSCI,社会学,人口与发展,C
2023年1月1日 - 2023年12月31日,中文,CSSCI,社会学,社会学研究,A
2023年1月1日 - 2023年12月31日,中文,CSSCI,社会学,社会,B
2023年1月1日 - 2023年12月31日,中文,CSSCI,社会学,社会学评论,C
2023年1月1日 - 2023年12月31日,中文,CSSCI,社会学,青年研究,C
2023年1月1日 - 2023年12月31日,中文,CSSCI,社会学,妇女研究论丛,C
2023年1月1日 - 2023年12月31日,中文,CSSCI,社会学,中国青年研究,C
2023年1月1日 - 2023年12月31日,中文,CSSCI,社会学,社会发展研究,C
2023年1月1日 - 2023年12月31日,中文,CSSCI,体育学,体育科学,A
2023年1月1日 - 2023年12月31日,中文,CSSCI,体育学,上海体育学院学报,B
2023年1月1日 - 2023年12月31日,中文,CSSCI,体育学,北京体育大学学报,B
2023年1月1日 - 2023年12月31日,中文,CSSCI,体育学,体育与科学,B
2023年1月1日 - 2023年12月31日,中文,CSSCI,体育学,体育学刊,C
2023年1月1日 - 2023年12月31日,中文,CSSCI,体育学,西安体育学院学报,C
2023年1月1日 - 2023年12月31日,中文,CSSCI,体育学,武汉体育学院学报,C
2023年1月1日 - 2023年12月31日,中文,CSSCI,体育学,中国体育科技,C
2023年1月1日 - 2023年12月31日,中文,CSSCI,体育学,成都体育学院学报,C
2023年1月1日 - 2023年12月31日,中文,CSSCI,体育学,沈阳体育学院学报,C
2023年1月1日 - 2023年12月31日,中文,CSSCI,体育学,体育学研究,C
2023年1月1日 - 2023年12月31日,中文,CSSCI,统计学,统计研究,B
2023年1月1日 - 2023年12月31日,中文,CSSCI,统计学,数理统计与管理,B
2023年1月1日 - 2023年12月31日,中文,CSSCI,统计学,统计与决策,C
2023年1月1日 - 2023年12月31日,中文,CSSCI,统计学,统计与信息论坛,C
2023年1月1日 - 2023年12月31日,中文,CSSCI,图书馆、情报与文献学,档案学通讯,B
2023年1月1日 - 2023年12月31日,中文,CSSCI,图书馆、情报与文献学,档案学研究,C
2023年1月1日 - 2023年12月31日,中文,CSSCI,图书馆、情报与文献学,情报资料工作,A
2023年1月1日 - 2023年12月31日,中文,CSSCI,图书馆、情报与文献学,情报理论与实践,B
2023年1月1日 - 2023年12月31日,中文,CSSCI,图书馆、情报与文献学,情报杂志,B
2023年1月1日 - 2023年12月31日,中文,CSSCI,图书馆、情报与文献学,情报学报,C
2023年1月1日 - 2023年12月31日,中文,CSSCI,图书馆、情报与文献学,情报科学,C
2023年1月1日 - 2023年12月31日,中文,CSSCI,图书馆、情报与文献学,数据分析与知识发现,C
2023年1月1日 - 2023年12月31日,中文,CSSCI,图书馆、情报与文献学,现代情报,C
2023年1月1日 - 2023年12月31日,中文,CSSCI,图书馆、情报与文献学,信息资源管理学报,C
2023年1月1日 - 2023年12月31日,中文,CSSCI,图书馆、情报与文献学,中国图书馆学报,A
2023年1月1日 - 2023年12月31日,中文,CSSCI,图书馆、情报与文献学,图书情报工作,B
2023年1月1日 - 2023年12月31日,中文,CSSCI,图书馆、情报与文献学,图书情报知识,B
2023年1月1日 - 2023年12月31日,中文,CSSCI,图书馆、情报与文献学,大学图书馆学报,B
2023年1月1日 - 2023年12月31日,中文,CSSCI,图书馆、情报与文献学,图书与情报,C
2023年1月1日 - 2023年12月31日,中文,CSSCI,图书馆、情报与文献学,国家图书馆学刊,C
2023年1月1日 - 2023年12月31日,中文,CSSCI,图书馆、情报与文献学,图书馆论坛,C
2023年1月1日 - 2023年12月31日,中文,CSSCI,图书馆、情报与文献学,图书馆杂志,C
2023年1月1日 - 2023年12月31日,中文,CSSCI,图书馆、情报与文献学,图书馆建设,C
2023年1月1日 - 2023年12月31日,中文,CSSCI,图书馆、情报与文献学,图书馆学研究,C
2023年1月1日 - 2023年12月31日,中文,CSSCI,外国文学,外国文学评论,A
2023年1月1日 - 2023年12月31日,中文,CSSCI,外国文学,外国文学研究,B
2023年1月1日 - 2023年12月31日,中文,CSSCI,外国文学,外国文学,C
2023年1月1日 - 2023年12月31日,中文,CSSCI,外国文学,当代外国文学,C
2023年1月1日 - 2023年12月31日,中文,CSSCI,外国文学,国外文学,C
2023年1月1日 - 2023年12月31日,中文,CSSCI,外国文学,外国文学动态研究,C
2023年1月1日 - 2023年12月31日,中文,CSSCI,心理学,心理学报,A
2023年1月1日 - 2023年12月31日,中文,CSSCI,心理学,心理发展与教育,B
2023年1月1日 - 2023年12月31日,中文,CSSCI,心理学,心理科学进展,B
2023年1月1日 - 2023年12月31日,中文,CSSCI,心理学,心理科学,C
2023年1月1日 - 2023年12月31日,中文,CSSCI,心理学,中国临床心理学杂志,C
2023年1月1日 - 2023年12月31日,中文,CSSCI,心理学,心理与行为研究,C
2023年1月1日 - 2023年12月31日,中文,CSSCI,心理学,应用心理学,C
2023年1月1日 - 2023年12月31日,中文,CSSCI,新闻学与传播学,新闻与传播研究,A
2023年1月1日 - 2023年12月31日,中文,CSSCI,新闻学与传播学,中国科技期刊研究,A
2023年1月1日 - 2023年12月31日,中文,CSSCI,新闻学与传播学,编辑学报,B
2023年1月1日 - 2023年12月31日,中文,CSSCI,新闻学与传播学,新闻记者,B
2023年1月1日 - 2023年12月31日,中文,CSSCI,新闻学与传播学,国际新闻界,B
2023年1月1日 - 2023年12月31日,中文,CSSCI,新闻学与传播学,新闻大学,B
2023年1月1日 - 2023年12月31日,中文,CSSCI,新闻学与传播学,科技与出版,C
2023年1月1日 - 2023年12月31日,中文,CSSCI,新闻学与传播学,现代传播：中国传媒大学学报,C
2023年1月1日 - 2023年12月31日,中文,CSSCI,新闻学与传播学,出版发行研究,C
2023年1月1日 - 2023年12月31日,中文,CSSCI,新闻学与传播学,编辑之友,C
2023年1月1日 - 2023年12月31日,中文,CSSCI,新闻学与传播学,当代传播,C
2023年1月1日 - 2023年12月31日,中文,CSSCI,新闻学与传播学,出版科学,C
2023年1月1日 - 2023年12月31日,中文,CSSCI,新闻学与传播学,中国出版,C
2023年1月1日 - 2023年12月31日,中文,CSSCI,新闻学与传播学,新闻界,C
2023年1月1日 - 2023年12月31日,中文,CSSCI,新闻学与传播学,现代出版,C
2023年1月1日 - 2023年12月31日,中文,CSSCI,新闻学与传播学,新闻与写作,C
2023年1月1日 - 2023年12月31日,中文,CSSCI,新闻学与传播学,中国编辑,C
2023年1月1日 - 2023年12月31日,中文,CSSCI,艺术学,文艺研究,A
2023年1月1日 - 2023年12月31日,中文,CSSCI,艺术学,民族艺术,A
2023年1月1日 - 2023年12月31日,中文,CSSCI,艺术学,电影艺术,B
2023年1月1日 - 2023年12月31日,中文,CSSCI,艺术学,北京电影学院学报,B
2023年1月1日 - 2023年12月31日,中文,CSSCI,艺术学,当代电影,B
2023年1月1日 - 2023年12月31日,中文,CSSCI,艺术学,音乐研究,B
2023年1月1日 - 2023年12月31日,中文,CSSCI,艺术学,中国音乐学,B
2023年1月1日 - 2023年12月31日,中文,CSSCI,艺术学,中央音乐学院学报,C
2023年1月1日 - 2023年12月31日,中文,CSSCI,艺术学,建筑学报,C
2023年1月1日 - 2023年12月31日,中文,CSSCI,艺术学,戏剧艺术(上海戏剧学院学报),C
2023年1月1日 - 2023年12月31日,中文,CSSCI,艺术学,装饰,C
2023年1月1日 - 2023年12月31日,中文,CSSCI,艺术学,南京艺术学院学报(美术与设计版),C
2023年1月1日 - 2023年12月31日,中文,CSSCI,艺术学,艺术设计研究,C
2023年1月1日 - 2023年12月31日,中文,CSSCI,艺术学,美术研究,C
2023年1月1日 - 2023年12月31日,中文,CSSCI,艺术学,戏曲艺术,C
2023年1月1日 - 2023年12月31日,中文,CSSCI,艺术学,北京舞蹈学院学报,C
2023年1月1日 - 2023年12月31日,中文,CSSCI,艺术学,新美术,C
2023年1月1日 - 2023年12月31日,中文,CSSCI,艺术学,美术,C
2023年1月1日 - 2023年12月31日,中文,CSSCI,艺术学,中国书法,C
2023年1月1日 - 2023年12月31日,中文,CSSCI,艺术学,电视研究,C
2023年1月1日 - 2023年12月31日,中文,CSSCI,艺术学,戏剧(中央戏剧学院学报),C
2023年1月1日 - 2023年12月31日,中文,CSSCI,艺术学,中国文艺评论,C
2023年1月1日 - 2023年12月31日,中文,CSSCI,艺术学,中国音乐,C
2023年1月1日 - 2023年12月31日,中文,CSSCI,语言学,外语教学与研究,A
2023年1月1日 - 2023年12月31日,中文,CSSCI,语言学,外语界,B
2023年1月1日 - 2023年12月31日,中文,CSSCI,语言学,现代外语,B
2023年1月1日 - 2023年12月31日,中文,CSSCI,语言学,中国外语,B
2023年1月1日 - 2023年12月31日,中文,CSSCI,语言学,外国语,C
2023年1月1日 - 2023年12月31日,中文,CSSCI,语言学,外语与外语教学,C
2023年1月1日 - 2023年12月31日,中文,CSSCI,语言学,中国翻译,C
2023年1月1日 - 2023年12月31日,中文,CSSCI,语言学,外语电化教学,C
2023年1月1日 - 2023年12月31日,中文,CSSCI,语言学,外语教学理论与实践,C
2023年1月1日 - 2023年12月31日,中文,CSSCI,语言学,外语教学,C
2023年1月1日 - 2023年12月31日,中文,CSSCI,语言学,上海翻译,C
2023年1月1日 - 2023年12月31日,中文,CSSCI,语言学,外语教育研究前沿,C
2023年1月1日 - 2023年12月31日,中文,CSSCI,语言学,中国语文,A
2023年1月1日 - 2023年12月31日,中文,CSSCI,语言学,世界汉语教学,B
2023年1月1日 - 2023年12月31日,中文,CSSCI,语言学,语言教学与研究,B
2023年1月1日 - 2023年12月31日,中文,CSSCI,语言学,当代修辞学,B
2023年1月1日 - 2023年12月31日,中文,CSSCI,语言学,当代语言学,B
2023年1月1日 - 2023年12月31日,中文,CSSCI,语言学,方言,C
2023年1月1日 - 2023年12月31日,中文,CSSCI,语言学,语言文字应用,C
2023年1月1日 - 2023年12月31日,中文,CSSCI,语言学,语言科学,C
2023年1月1日 - 2023年12月31日,中文,CSSCI,语言学,语文研究,C
2023年1月1日 - 2023年12月31日,中文,CSSCI,语言学,汉语学报,C
2023年1月1日 - 2023年12月31日,中文,CSSCI,语言学,汉语学习,C
2023年1月1日 - 2023年12月31日,中文,CSSCI,语言学,民族语文,C
2023年1月1日 - 2023年12月31日,中文,CSSCI,语言学,语言研究,C
2023年1月1日 - 2023年12月31日,中文,CSSCI,哲学,哲学研究,A
2023年1月1日 - 2023年12月31日,中文,CSSCI,哲学,自然辩证法研究,B
2023年1月1日 - 2023年12月31日,中文,CSSCI,哲学,哲学动态,B
2023年1月1日 - 2023年12月31日,中文,CSSCI,哲学,周易研究,B
2023年1月1日 - 2023年12月31日,中文,CSSCI,哲学,自然辩证法通讯,B
2023年1月1日 - 2023年12月31日,中文,CSSCI,哲学,伦理学研究,C
2023年1月1日 - 2023年12月31日,中文,CSSCI,哲学,世界哲学,C
2023年1月1日 - 2023年12月31日,中文,CSSCI,哲学,现代哲学,C
2023年1月1日 - 2023年12月31日,中文,CSSCI,哲学,科学技术哲学研究,C
2023年1月1日 - 2023年12月31日,中文,CSSCI,哲学,道德与文明,C
2023年1月1日 - 2023年12月31日,中文,CSSCI,哲学,哲学分析,C
2023年1月1日 - 2023年12月31日,中文,CSSCI,哲学,中国哲学史,C
2023年1月1日 - 2023年12月31日,中文,CSSCI,哲学,孔子研究,C
2023年1月1日 - 2023年12月31日,中文,CSSCI,哲学,逻辑学研究,C
2023年1月1日 - 2023年12月31日,中文,CSSCI,政治学,上海行政学院学报,B
2023年1月1日 - 2023年12月31日,中文,CSSCI,政治学,中共中央党校学报,B
2023年1月1日 - 2023年12月31日,中文,CSSCI,政治学,理论探索,B
2023年1月1日 - 2023年12月31日,中文,CSSCI,政治学,理论探讨,C
2023年1月1日 - 2023年12月31日,中文,CSSCI,政治学,求实,C
2023年1月1日 - 2023年12月31日,中文,CSSCI,政治学,甘肃行政学院学报,C
2023年1月1日 - 2023年12月31日,中文,CSSCI,政治学,北京行政学院学报,C
2023年1月1日 - 2023年12月31日,中文,CSSCI,政治学,探索,C
2023年1月1日 - 2023年12月31日,中文,CSSCI,政治学,江苏行政学院学报,C
2023年1月1日 - 2023年12月31日,中文,CSSCI,政治学,世界经济与政治,A
2023年1月1日 - 2023年12月31日,中文,CSSCI,政治学,政治学研究,A
2023年1月1日 - 2023年12月31日,中文,CSSCI,政治学,国际问题研究,A
2023年1月1日 - 2023年12月31日,中文,CSSCI,政治学,当代亚太,B
2023年1月1日 - 2023年12月31日,中文,CSSCI,政治学,外交评论(外交学院学报),B
2023年1月1日 - 2023年12月31日,中文,CSSCI,政治学,公共行政评论,B
2023年1月1日 - 2023年12月31日,中文,CSSCI,政治学,东北亚论坛,B
2023年1月1日 - 2023年12月31日,中文,CSSCI,政治学,国际政治研究,B
2023年1月1日 - 2023年12月31日,中文,CSSCI,政治学,国际观察,B
2023年1月1日 - 2023年12月31日,中文,CSSCI,政治学,国际安全研究,B
2023年1月1日 - 2023年12月31日,中文,CSSCI,政治学,现代国际关系,B
2023年1月1日 - 2023年12月31日,中文,CSSCI,政治学,行政论坛,C
2023年1月1日 - 2023年12月31日,中文,CSSCI,政治学,国际政治科学,C
2023年1月1日 - 2023年12月31日,中文,CSSCI,政治学,南亚研究,C
2023年1月1日 - 2023年12月31日,中文,CSSCI,政治学,国际展望,C
2023年1月1日 - 2023年12月31日,中文,CSSCI,政治学,欧洲研究,C
2023年1月1日 - 2023年12月31日,中文,CSSCI,政治学,美国研究,C
2023年1月1日 - 2023年12月31日,中文,CSSCI,政治学,日本学刊,C
2023年1月1日 - 2023年12月31日,中文,CSSCI,政治学,德国研究,C
2023年1月1日 - 2023年12月31日,中文,CSSCI,政治学,太平洋学报,C
2023年1月1日 - 2023年12月31日,中文,CSSCI,政治学,南洋问题研究,C
2023年1月1日 - 2023年12月31日,中文,CSSCI,政治学,国际论坛,C
2023年1月1日 - 2023年12月31日,中文,CSSCI,政治学,东南亚研究,C
2023年1月1日 - 2023年12月31日,中文,CSSCI,政治学,西亚非洲,C
2023年1月1日 - 2023年12月31日,中文,CSSCI,政治学,当代世界,C
2023年1月1日 - 2023年12月31日,中文,CSSCI,政治学,和平与发展,C
2023年1月1日 - 2023年12月31日,中文,CSSCI,政治学,理论学刊,C
2023年1月1日 - 2023年12月31日,中文,CSSCI,政治学,理论与改革,C
2023年1月1日 - 2023年12月31日,中文,CSSCI,政治学,人权,C
2023年1月1日 - 2023年12月31日,中文,CSSCI,政治学,台湾研究,C
2023年1月1日 - 2023年12月31日,中文,CSSCI,中国文学,文学评论,A
2023年1月1日 - 2023年12月31日,中文,CSSCI,中国文学,文艺理论研究,A
2023年1月1日 - 2023年12月31日,中文,CSSCI,中国文学,文学遗产,B
2023年1月1日 - 2023年12月31日,中文,CSSCI,中国文学,当代作家评论,B
2023年1月1日 - 2023年12月31日,中文,CSSCI,中国文学,中国比较文学,B
2023年1月1日 - 2023年12月31日,中文,CSSCI,中国文学,文艺争鸣,B
2023年1月1日 - 2023年12月31日,中文,CSSCI,中国文学,中国文学研究,B
2023年1月1日 - 2023年12月31日,中文,CSSCI,中国文学,中国现代文学研究丛刊,C
2023年1月1日 - 2023年12月31日,中文,CSSCI,中国文学,南方文坛,C
2023年1月1日 - 2023年12月31日,中文,CSSCI,中国文学,民族文学研究,C
2023年1月1日 - 2023年12月31日,中文,CSSCI,中国文学,明清小说研究,C
2023年1月1日 - 2023年12月31日,中文,CSSCI,中国文学,文艺理论与批评,C
2023年1月1日 - 2023年12月31日,中文,CSSCI,中国文学,扬子江文学评论,C
2023年1月1日 - 2023年12月31日,中文,CSSCI,中国文学,当代文坛,C
2023年1月1日 - 2023年12月31日,中文,CSSCI,中国文学,现代中文学刊,C
2023年1月1日 - 2023年12月31日,中文,CSSCI,中国文学,小说评论,C
2023年1月1日 - 2023年12月31日,中文,CSSCI,中国文学,新文学史料,C
2023年1月1日 - 2023年12月31日,中文,CSSCI,中国文学,中国文学批评,C
2023年1月1日 - 2023年12月31日,中文,CSSCI,自然资源与环境,中国人口·资源与环境,A
2023年1月1日 - 2023年12月31日,中文,CSSCI,自然资源与环境,资源科学,B
2023年1月1日 - 2023年12月31日,中文,CSSCI,自然资源与环境,中国土地科学,C
2023年1月1日 - 2023年12月31日,中文,CSSCI,自然资源与环境,自然资源学报,C
2023年1月1日 - 2023年12月31日,中文,CSSCI,自然资源与环境,长江流域资源与环境,C
2023年1月1日 - 2023年12月31日,中文,CSSCI,自然资源与环境,干旱区资源与环境,C
2023年1月1日 - 2023年12月31日,中文,CSSCI,宗教学,世界宗教文化,B
2023年1月1日 - 2023年12月31日,中文,CSSCI,宗教学,世界宗教研究,C
2023年1月1日 - 2023年12月31日,中文,CSSCI,宗教学,宗教学研究,C
2023年1月1日 - 2023年12月31日,中文,CSSCI,综合社科,中国社会科学,特类
2023年1月1日 - 2023年12月31日,中文,CSSCI,综合社科,开放时代,C
2023年1月1日 - 2023年12月31日,中文,CSSCI,综合社科,学术月刊,C
2023年1月1日 - 2023年12月31日,中文,CSSCI,综合社科,南京社会科学,C
2023年1月1日 - 2023年12月31日,中文,CSSCI,综合社科,社会科学,C
2023年1月1日 - 2023年12月31日,中文,CSSCI,综合社科,探索与争鸣,C
2023年1月1日 - 2023年12月31日,中文,CSSCI,综合社科,文化纵横,C
2023年1月1日 - 2023年12月31日,中文,CSSCI,综合社科,学海,C
2023年1月1日 - 2023年12月31日,中文,CSSCI,综合社科,江淮论坛,C
2023年1月1日 - 2023年12月31日,中文,CSSCI,综合社科,社会科学研究,C
2023年1月1日 - 2023年12月31日,中文,CSSCI,综合社科,中国高校社会科学,C
2023年1月1日 - 2023年12月31日,中文,CSSCI,综合社科,浙江社会科学,C
2023年1月1日 - 2023年12月31日,中文,CSSCI,综合社科,天津社会科学,C
2023年1月1日 - 2023年12月31日,中文,CSSCI,综合社科,江海学刊,C
2023年1月1日 - 2023年12月31日,中文,CSSCI,综合社科,江苏社会科学,C
2023年1月1日 - 2023年12月31日,中文,CSSCI,综合社科,贵州社会科学,C
2023年1月1日 - 2023年12月31日,中文,CSSCI,综合社科,思想战线,C
2023年1月1日 - 2023年12月31日,中文,CSSCI,综合社科,学术研究,C
2023年1月1日 - 2023年12月31日,中文,CSSCI,综合社科,学术前沿,C
2023年1月1日 - 2023年12月31日,中文,CSSCI,综合社科,学习与探索,C
2023年1月1日 - 2023年12月31日,中文,CSSCI,综合社科,广东社会科学,C
2023年1月1日 - 2023年12月31日,中文,CSSCI,综合社科,学习与实践,C
2023年1月1日 - 2023年12月31日,中文,CSSCI,综合社科,求是学刊,C
2023年1月1日 - 2023年12月31日,中文,CSSCI,综合社科,文史哲,C
2023年1月1日 - 2023年12月31日,中文,CSSCI,综合社科,人文杂志,C
2023年1月1日 - 2023年12月31日,中文,CSSCI,综合社科,北京社会科学,C
2023年1月1日 - 2023年12月31日,中文,CSSCI,综合社科,山东社会科学,C
2023年1月1日 - 2023年12月31日,中文,CSSCI,综合社科,中州学刊,C
2023年1月1日 - 2023年12月31日,中文,CSSCI,综合社科,社会科学战线,C
2023年1月1日 - 2023年12月31日,中文,CSSCI,综合社科,江汉论坛,C
2023年1月1日 - 2023年12月31日,中文,CSSCI,综合社科,甘肃社会科学,C
2023年1月1日 - 2023年12月31日,中文,CSSCI,综合社科,江西社会科学,C
2023年1月1日 - 2023年12月31日,中文,CSSCI,综合社科,云南社会科学,C
2023年1月1日 - 2023年12月31日,中文,CSSCI,综合社科,东南学术,C
2023年1月1日 - 2023年12月31日,中文,CSSCI,综合社科,社会科学辑刊,C
2023年1月1日 - 2023年12月31日,中文,CSSCI,综合社科,求索,C
2023年1月1日 - 2023年12月31日,中文,CSSCI,综合社科,东岳论丛,C
2023年1月1日 - 2023年12月31日,中文,CSSCI,综合社科,国外社会科学,C
2023年1月1日 - 2023年12月31日,中文,CSSCI,综合社科,内蒙古社会科学,C
2023年1月1日 - 2023年12月31日,中文,CSSCI,综合社科,福建论坛(人文社会科学版),C
2023年1月1日 - 2023年12月31日,中文,CSSCI,综合社科,学术界,C
2023年1月1日 - 2023年12月31日,中文,CSSCI,综合社科,河北学刊,C
2023年1月1日 - 2023年12月31日,中文,CSSCI,综合社科,读书,C
2023年1月1日 - 2023年12月31日,中文,CSSCI,综合社科,浙江学刊,C
2023年1月1日 - 2023年12月31日,中文,CSSCI,综合社科,人民论坛,C
2023年1月1日 - 2023年12月31日,中文,CSSCI,综合社科,新疆社会科学,C
2023年1月1日 - 2023年12月31日,中文,CSSCI,综合社科,青海社会科学,C
2023年1月1日 - 2023年12月31日,中文,CSSCI,综合社科,宁夏社会科学,C
2023年1月1日 - 2023年12月31日,中文,CSSCI,综合社科,学术论坛,C
2023年1月1日 - 2023年12月31日,中文,CSSCI,高校综合性学报,中国人民大学学报,C
2023年1月1日 - 2023年12月31日,中文,CSSCI,高校综合性学报,清华大学学报(哲学社会科学版),C
2023年1月1日 - 2023年12月31日,中文,CSSCI,高校综合性学报,华中师范大学学报(人文社会科学版),C
2023年1月1日 - 2023年12月31日,中文,CSSCI,高校综合性学报,浙江大学学报(人文社会科学版),C
2023年1月1日 - 2023年12月31日,中文,CSSCI,高校综合性学报,吉林大学社会科学学报,C
2023年1月1日 - 2023年12月31日,中文,CSSCI,高校综合性学报,北京大学学报(哲学社会科学版),C
2023年1月1日 - 2023年12月31日,中文,CSSCI,高校综合性学报,南京大学学报(哲学.人文科学.社会科学),C
2023年1月1日 - 2023年12月31日,中文,CSSCI,高校综合性学报,北京师范大学学报(社会科学版),C
2023年1月1日 - 2023年12月31日,中文,CSSCI,高校综合性学报,复旦学报(社会科学版),C
2023年1月1日 - 2023年12月31日,中文,CSSCI,高校综合性学报,上海交通大学学报(哲学社会科学版),C
2023年1月1日 - 2023年12月31日,中文,CSSCI,高校综合性学报,南开学报(哲学社会科学版),C
2023年1月1日 - 2023年12月31日,中文,CSSCI,高校综合性学报,中山大学学报(社会科学版),C
2023年1月1日 - 2023年12月31日,中文,CSSCI,高校综合性学报,华中科技大学学报(社会科学版),C
2023年1月1日 - 2023年12月31日,中文,CSSCI,高校综合性学报,厦门大学学报(哲学社会科学版),C
2023年1月1日 - 2023年12月31日,中文,CSSCI,高校综合性学报,四川大学学报(哲学社会科学版),C
2023年1月1日 - 2023年12月31日,中文,CSSCI,高校综合性学报,苏州大学学报(哲学社会科学版),C
2023年1月1日 - 2023年12月31日,中文,CSSCI,高校综合性学报,江西师范大学学报(哲学社会科学版),C
2023年1月1日 - 2023年12月31日,中文,CSSCI,高校综合性学报,华东师范大学学报(哲学社会科学版),C
2023年1月1日 - 2023年12月31日,中文,CSSCI,高校综合性学报,云南师范大学学报(哲学社会科学版),C
2023年1月1日 - 2023年12月31日,中文,CSSCI,高校综合性学报,南京师大学报(社会科学版),C
2023年1月1日 - 2023年12月31日,中文,CSSCI,高校综合性学报,湖南科技大学学报(社会科学版),C
2023年1月1日 - 2023年12月31日,中文,CSSCI,高校综合性学报,西南大学学报(社会科学版),C
2023年1月1日 - 2023年12月31日,中文,CSSCI,高校综合性学报,兰州大学学报(社会科学版),C
2023年1月1日 - 2023年12月31日,中文,CSSCI,高校综合性学报,上海大学学报(社会科学版),C
2023年1月1日 - 2023年12月31日,中文,CSSCI,高校综合性学报,东南大学学报(哲学社会科学版),C
2023年1月1日 - 2023年12月31日,中文,CSSCI,高校综合性学报,河南大学学报(社会科学版),C
2023年1月1日 - 2023年12月31日,中文,CSSCI,高校综合性学报,暨南学报(哲学社会科学版),C
2023年1月1日 - 2023年12月31日,中文,CSSCI,高校综合性学报,西北师大学报(社会科学版),C
2023年1月1日 - 2023年12月31日,中文,CSSCI,高校综合性学报,上海师范大学学报(哲学社会科学版),C
2023年1月1日 - 2023年12月31日,中文,CSSCI,高校综合性学报,山东师范大学学报(人文社会科学版),C
2023年1月1日 - 2023年12月31日,中文,CSSCI,高校综合性学报,湖南大学学报(社会科学版),C
2023年1月1日 - 2023年12月31日,中文,CSSCI,高校综合性学报,郑州大学学报(哲学社会科学版),C
2023年1月1日 - 2023年12月31日,中文,CSSCI,高校综合性学报,广西大学学报(哲学社会科学版),C
2023年1月1日 - 2023年12月31日,中文,CSSCI,高校综合性学报,西北大学学报(哲学社会科学版),C
2023年1月1日 - 2023年12月31日,中文,CSSCI,高校综合性学报,华南师范大学学报(社会科学版),C
2023年1月1日 - 2023年12月31日,中文,CSSCI,高校综合性学报,同济大学学报(社会科学版),C
2023年1月1日 - 2023年12月31日,中文,CSSCI,高校综合性学报,安徽大学学报(哲学社会科学版),C
2023年1月1日 - 2023年12月31日,中文,CSSCI,高校综合性学报,中南大学学报(社会科学版),C
2023年1月1日 - 2023年12月31日,中文,CSSCI,高校综合性学报,东北大学学报(社会科学版),C
2023年1月1日 - 2023年12月31日,中文,CSSCI,高校综合性学报,湖北大学学报(哲学社会科学版),C
2023年1月1日 - 2023年12月31日,中文,CSSCI,高校综合性学报,深圳大学学报(人文社会科学版),C
2023年1月1日 - 2023年12月31日,中文,CSSCI,高校综合性学报,四川师范大学学报(社会科学版),C
2023年1月1日 - 2023年12月31日,中文,CSSCI,高校综合性学报,山西大学学报(哲学社会科学版),C
2023年1月1日 - 2023年12月31日,中文,CSSCI,高校综合性学报,福建师范大学学报(哲学社会科学版),C
2023年1月1日 - 2023年12月31日,中文,CSSCI,高校综合性学报,海南大学学报(人文社会科学版),C
2023年1月1日 - 2023年12月31日,中文,CSSCI,高校综合性学报,新疆大学学报(哲学人文社会科学版),C
2023年1月1日 - 2023年12月31日,中文,CSSCI,高校综合性学报,西藏大学学报(社会科学版),C
2023年1月1日 - 2023年12月31日,中文,CSSCI,高校综合性学报,河南师范大学学报(哲学社会科学版),C
2023年1月1日 - 2023年12月31日,中文,CSSCI,高校综合性学报,济南大学学报(社会科学版),C
2023年1月1日 - 2023年12月31日,中文,CSSCI,高校综合性学报,南昌大学学报(人文社会科学版),C
2023年1月1日 - 2023年12月31日,中文,CSSCI,高校综合性学报,陕西师范大学学报(哲学社会科学版),C
2023年1月1日 - 2023年12月31日,中文,CSSCI,高校综合性学报,北京工业大学学报(社会科学版),C
2023年1月1日 - 2023年12月31日,中文,CSSCI,高校综合性学报,首都师范大学学报(社会科学版),C
2023年1月1日 - 2023年12月31日,中文,CSSCI,高校综合性学报,南京农业大学学报(社会科学版),C
2023年1月1日 - 2023年12月31日,中文,CSSCI,高校综合性学报,新疆师范大学学报(哲学社会科学版),C
2023年1月1日 - 2023年12月31日,中文,CSSCI,高校综合性学报,中国农业大学学报(社会科学版),C
2023年1月1日 - 2023年12月31日,中文,CSSCI,高校综合性学报,中国地质大学学报(社会科学版),C
2023年1月1日 - 2023年12月31日,中文,CSSCI,高校综合性学报,华南农业大学学报(社会科学版),C
2023年1月1日 - 2023年12月31日,中文,CSSCI,高校综合性学报,武汉大学学报(哲学社会科学版),C
2023年1月1日 - 2023年12月31日,中文,CSSCI,高校综合性学报,山东大学学报(哲学社会科学版),C
2023年1月1日 - 2023年12月31日,中文,CSSCI,高校综合性学报,北京工商大学学报(社会科学版),C
2023年1月1日 - 2023年12月31日,中文,CSSCI,高校综合性学报,华中农业大学学报(社会科学版),C
2023年1月1日 - 2023年12月31日,中文,CSSCI,高校综合性学报,西北农林科技大学学报(社会科学版),C
2023年1月1日 - 2023年12月31日,中文,CSSCI,高校综合性学报,河海大学学报(哲学社会科学版),C
2023年1月1日 - 2023年12月31日,中文,CSSCI,高校综合性学报,湖南师范大学社会科学学报,C
2023年1月1日 - 2023年12月31日,中文,CSSCI,高校综合性学报,西安交通大学学报(社会科学版),C
2023年1月1日 - 2023年12月31日,中文,CSSCI,高校综合性学报,吉首大学学报(社会科学版),C
2023年1月1日 - 2023年12月31日,中文,CSSCI,高校综合性学报,重庆大学学报(社会科学版),C
2023年1月1日 - 2023年12月31日,中文,CSSCI,高校综合性学报,大连理工大学学报(社会科学版),C
2023年1月1日 - 2023年12月31日,中文,CSSCI,高校综合性学报,北京联合大学学报(人文社会科学版),C
2023年1月1日 - 2023年12月31日,中文,CSSCI,高校综合性学报,东北师大学报(哲学社会科学版),C
2023年1月1日 - 2023年12月31日,中文,CSSCI,高校综合性学报,浙江工商大学学报,C
2023年1月1日 - 2023年12月31日,中文,CSSCI,高校综合性学报,湘潭大学学报(哲学社会科学版),C
2023年1月1日 - 2023年12月31日,中文,CSSCI,高校综合性学报,南通大学学报(社会科学版),C
2023年1月1日 - 2023年12月31日,中文,CSSCI,冷门绝学,出土文献,C
2023年1月1日 - 2023年12月31日,中文,CSSCI,冷门绝学,历史地理研究,C
2023年1月1日 - 2023年12月31日,中文,CSSCI,台湾地区期刊,地理学报（台湾）,C
2023年1月1日 - 2023年12月31日,中文,CSSCI,台湾地区期刊,公共行政学报,C
2023年1月1日 - 2023年12月31日,中文,CSSCI,台湾地区期刊,管理学报（台湾）,C
2023年1月1日 - 2023年12月31日,中文,CSSCI,台湾地区期刊,会计评论,C
2023年1月1日 - 2023年12月31日,中文,CSSCI,台湾地区期刊,教育科学研究期刊,C
2023年1月1日 - 2023年12月31日,中文,CSSCI,台湾地区期刊,教育实践与研究,C
2023年1月1日 - 2023年12月31日,中文,CSSCI,台湾地区期刊,教育心理学报,C
2023年1月1日 - 2023年12月31日,中文,CSSCI,台湾地区期刊,经济论文,C
2023年1月1日 - 2023年12月31日,中文,CSSCI,台湾地区期刊,经济论文丛刊,C
2023年1月1日 - 2023年12月31日,中文,CSSCI,台湾地区期刊,历史语言研究所集刊,C
2023年1月1日 - 2023年12月31日,中文,CSSCI,台湾地区期刊,清华中文学报,C
2023年1月1日 - 2023年12月31日,中文,CSSCI,台湾地区期刊,设计学报,C
2023年1月1日 - 2023年12月31日,中文,CSSCI,台湾地区期刊,台大历史学报,C
2023年1月1日 - 2023年12月31日,中文,CSSCI,台湾地区期刊,台大社会工作学刊,C
2023年1月1日 - 2023年12月31日,中文,CSSCI,台湾地区期刊,台大中文学报,C
2023年1月1日 - 2023年12月31日,中文,CSSCI,台湾地区期刊,台湾大学美术史研究集刊,C
2023年1月1日 - 2023年12月31日,中文,CSSCI,台湾地区期刊,台湾经济预测与政策,C
2023年1月1日 - 2023年12月31日,中文,CSSCI,台湾地区期刊,特殊教育研究学刊,C
2023年1月1日 - 2023年12月31日,中文,CSSCI,台湾地区期刊,体育学报,C
2023年1月1日 - 2023年12月31日,中文,CSSCI,台湾地区期刊,图书资讯学刊,C
2023年1月1日 - 2023年12月31日,中文,CSSCI,台湾地区期刊,文与哲,C
2023年1月1日 - 2023年12月31日,中文,CSSCI,台湾地区期刊,月旦法学,C
2023年1月1日 - 2023年12月31日,中文,CSSCI,台湾地区期刊,哲学与文化,C
2023年1月1日 - 2023年12月31日,中文,CSSCI,台湾地区期刊,证券市场发展季刊,C
2023年1月1日 - 2023年12月31日,中文,CSSCI,台湾地区期刊,政大法学评论,C
2023年1月1日 - 2023年12月31日,中文,CSSCI,台湾地区期刊,政治大学哲学学报,C
2023年1月1日 - 2023年12月31日,中文,CSSCI,台湾地区期刊,中国文哲研究集刊,C
2023年1月1日 - 2023年12月31日,中文,CSSCI,台湾地区期刊,中华传播学刊,C
2023年1月1日 - 2023年12月31日,中文,CSSCI,台湾地区期刊,中研院法学期刊,C
2023年1月1日 - 2023年12月31日,中文,CSSCI,台湾地区期刊,组织与管理,C
2021年7月8日 - 2022年12月31日,中文,CSSCI,法学,中国法学,A
2021年7月8日 - 2022年12月31日,中文,CSSCI,法学,法学研究,A
2021年7月8日 - 2022年12月31日,中文,CSSCI,法学,中外法学,B
2021年7月8日 - 2022年12月31日,中文,CSSCI,法学,清华法学,B
2021年7月8日 - 2022年12月31日,中文,CSSCI,法学,法学,B
2021年7月8日 - 2022年12月31日,中文,CSSCI,法学,法学家,B
2021年7月8日 - 2022年12月31日,中文,CSSCI,法学,法商研究,B
2021年7月8日 - 2022年12月31日,中文,CSSCI,法学,当代法学,B
2021年7月8日 - 2022年12月31日,中文,CSSCI,法学,法制与社会发展,B
2021年7月8日 - 2022年12月31日,中文,CSSCI,法学,法律科学(西北政法大学学报),B
2021年7月8日 - 2022年12月31日,中文,CSSCI,法学,现代法学,C
2021年7月8日 - 2022年12月31日,中文,CSSCI,法学,法学评论,C
2021年7月8日 - 2022年12月31日,中文,CSSCI,法学,政法论坛,C
2021年7月8日 - 2022年12月31日,中文,CSSCI,法学,比较法研究,C
2021年7月8日 - 2022年12月31日,中文,CSSCI,法学,政治与法律,C
2021年7月8日 - 2022年12月31日,中文,CSSCI,法学,行政法学研究,C
2021年7月8日 - 2022年12月31日,中文,CSSCI,法学,环球法律评论,C
2021年7月8日 - 2022年12月31日,中文,CSSCI,法学,法学论坛,C
2021年7月8日 - 2022年12月31日,中文,CSSCI,法学,华东政法大学学报,C
2021年7月8日 - 2022年12月31日,中文,CSSCI,法学,中国刑事法杂志,C
2021年7月8日 - 2022年12月31日,中文,CSSCI,法学,国家检察官学院学报,C
2021年7月8日 - 2022年12月31日,中文,CSSCI,法学,政法论丛,C
2021年7月8日 - 2022年12月31日,中文,CSSCI,法学,东方法学,C
2021年7月8日 - 2022年12月31日,中文,CSSCI,法学,中国法律评论,C
2021年7月8日 - 2022年12月31日,中文,CSSCI,管理学,管理世界,A
2021年7月8日 - 2022年12月31日,中文,CSSCI,管理学,南开管理评论,A
2021年7月8日 - 2022年12月31日,中文,CSSCI,管理学,公共管理学报,A
2021年7月8日 - 2022年12月31日,中文,CSSCI,管理学,会计研究,A
2021年7月8日 - 2022年12月31日,中文,CSSCI,管理学,科学学研究,B
2021年7月8日 - 2022年12月31日,中文,CSSCI,管理学,科研管理,B
2021年7月8日 - 2022年12月31日,中文,CSSCI,管理学,中国软科学,B
2021年7月8日 - 2022年12月31日,中文,CSSCI,管理学,管理科学,B
2021年7月8日 - 2022年12月31日,中文,CSSCI,管理学,科学学与科学技术管理,B
2021年7月8日 - 2022年12月31日,中文,CSSCI,管理学,管理科学学报,B
2021年7月8日 - 2022年12月31日,中文,CSSCI,管理学,研究与发展管理,B
2021年7月8日 - 2022年12月31日,中文,CSSCI,管理学,外国经济与管理,B
2021年7月8日 - 2022年12月31日,中文,CSSCI,管理学,管理评论,B
2021年7月8日 - 2022年12月31日,中文,CSSCI,管理学,中国行政管理,B
2021年7月8日 - 2022年12月31日,中文,CSSCI,管理学,管理学报,C
2021年7月8日 - 2022年12月31日,中文,CSSCI,管理学,中国管理科学,C
2021年7月8日 - 2022年12月31日,中文,CSSCI,管理学,审计研究,C
2021年7月8日 - 2022年12月31日,中文,CSSCI,管理学,管理工程学报,C
2021年7月8日 - 2022年12月31日,中文,CSSCI,管理学,经济管理,C
2021年7月8日 - 2022年12月31日,中文,CSSCI,管理学,管理学刊,C
2021年7月8日 - 2022年12月31日,中文,CSSCI,管理学,审计与经济研究,C
2021年7月8日 - 2022年12月31日,中文,CSSCI,管理学,电子政务,C
2021年7月8日 - 2022年12月31日,中文,CSSCI,管理学,系统工程理论与实践,C
2021年7月8日 - 2022年12月31日,中文,CSSCI,管理学,科技进步与对策,C
2021年7月8日 - 2022年12月31日,中文,CSSCI,管理学,软科学,C
2021年7月8日 - 2022年12月31日,中文,CSSCI,管理学,中国科技论坛,C
2021年7月8日 - 2022年12月31日,中文,CSSCI,管理学,预测,C
2021年7月8日 - 2022年12月31日,中文,CSSCI,管理学,会计与经济研究,C
2021年7月8日 - 2022年12月31日,中文,CSSCI,管理学,经济体制改革,C
2021年7月8日 - 2022年12月31日,中文,CSSCI,管理学,科学决策,C
2021年7月8日 - 2022年12月31日,中文,CSSCI,管理学,宏观质量研究,C
2021年7月8日 - 2022年12月31日,中文,CSSCI,管理学,科学管理研究,C
2021年7月8日 - 2022年12月31日,中文,CSSCI,管理学,社会保障评论,C
2021年7月8日 - 2022年12月31日,中文,CSSCI,管理学,公共管理与政策评论,C
2021年7月8日 - 2022年12月31日,中文,CSSCI,管理学,治理研究,C
2021年7月8日 - 2022年12月31日,中文,CSSCI,管理学,中国科学院院刊,C
2021年7月8日 - 2022年12月31日,中文,CSSCI,教育学,开放教育研究,A
2021年7月8日 - 2022年12月31日,中文,CSSCI,教育学,现代远程教育研究,B
2021年7月8日 - 2022年12月31日,中文,CSSCI,教育学,远程教育杂志,B
2021年7月8日 - 2022年12月31日,中文,CSSCI,教育学,中国电化教育,C
2021年7月8日 - 2022年12月31日,中文,CSSCI,教育学,电化教育研究,C
2021年7月8日 - 2022年12月31日,中文,CSSCI,教育学,现代教育技术,C
2021年7月8日 - 2022年12月31日,中文,CSSCI,教育学,中国远程教育,C
2021年7月8日 - 2022年12月31日,中文,CSSCI,教育学,现代远距离教育,C
2021年7月8日 - 2022年12月31日,中文,CSSCI,教育学,教育研究,A
2021年7月8日 - 2022年12月31日,中文,CSSCI,教育学,北京大学教育评论,A
2021年7月8日 - 2022年12月31日,中文,CSSCI,教育学,高等教育研究,A
2021年7月8日 - 2022年12月31日,中文,CSSCI,教育学,清华大学教育研究,B
2021年7月8日 - 2022年12月31日,中文,CSSCI,教育学,中国高教研究,B
2021年7月8日 - 2022年12月31日,中文,CSSCI,教育学,华东师范大学学报(教育科学版),B
2021年7月8日 - 2022年12月31日,中文,CSSCI,教育学,教育发展研究,B
2021年7月8日 - 2022年12月31日,中文,CSSCI,教育学,全球教育展望,B
2021年7月8日 - 2022年12月31日,中文,CSSCI,教育学,复旦教育论坛,B
2021年7月8日 - 2022年12月31日,中文,CSSCI,教育学,教育与经济,B
2021年7月8日 - 2022年12月31日,中文,CSSCI,教育学,教师教育研究,B
2021年7月8日 - 2022年12月31日,中文,CSSCI,教育学,比较教育研究,B
2021年7月8日 - 2022年12月31日,中文,CSSCI,教育学,高等工程教育研究,C
2021年7月8日 - 2022年12月31日,中文,CSSCI,教育学,课程.教材.教法,C
2021年7月8日 - 2022年12月31日,中文,CSSCI,教育学,教育学报,C
2021年7月8日 - 2022年12月31日,中文,CSSCI,教育学,中国高等教育,C
2021年7月8日 - 2022年12月31日,中文,CSSCI,教育学,中国教育学刊,C
2021年7月8日 - 2022年12月31日,中文,CSSCI,教育学,高校教育管理,C
2021年7月8日 - 2022年12月31日,中文,CSSCI,教育学,现代大学教育,C
2021年7月8日 - 2022年12月31日,中文,CSSCI,教育学,学位与研究生教育,C
2021年7月8日 - 2022年12月31日,中文,CSSCI,教育学,教育研究与实验,C
2021年7月8日 - 2022年12月31日,中文,CSSCI,教育学,国家教育行政学院学报,C
2021年7月8日 - 2022年12月31日,中文,CSSCI,教育学,教育科学,C
2021年7月8日 - 2022年12月31日,中文,CSSCI,教育学,外国教育研究,C
2021年7月8日 - 2022年12月31日,中文,CSSCI,教育学,湖南师范大学教育科学学报,C
2021年7月8日 - 2022年12月31日,中文,CSSCI,教育学,学前教育研究,C
2021年7月8日 - 2022年12月31日,中文,CSSCI,教育学,江苏高教,C
2021年7月8日 - 2022年12月31日,中文,CSSCI,教育学,大学教育科学,C
2021年7月8日 - 2022年12月31日,中文,CSSCI,教育学,研究生教育研究,C
2021年7月8日 - 2022年12月31日,中文,CSSCI,经济学,经济研究,A
2021年7月8日 - 2022年12月31日,中文,CSSCI,经济学,经济学(季刊),A
2021年7月8日 - 2022年12月31日,中文,CSSCI,经济学,中国工业经济,A
2021年7月8日 - 2022年12月31日,中文,CSSCI,经济学,世界经济,A
2021年7月8日 - 2022年12月31日,中文,CSSCI,经济学,金融研究,A
2021年7月8日 - 2022年12月31日,中文,CSSCI,经济学,财经研究,A
2021年7月8日 - 2022年12月31日,中文,CSSCI,经济学,数量经济技术经济研究,B
2021年7月8日 - 2022年12月31日,中文,CSSCI,经济学,中国农村经济,B
2021年7月8日 - 2022年12月31日,中文,CSSCI,经济学,农业经济问题,B
2021年7月8日 - 2022年12月31日,中文,CSSCI,经济学,经济学家,B
2021年7月8日 - 2022年12月31日,中文,CSSCI,经济学,南开经济研究,B
2021年7月8日 - 2022年12月31日,中文,CSSCI,经济学,中国农村观察,B
2021年7月8日 - 2022年12月31日,中文,CSSCI,经济学,国际贸易问题,B
2021年7月8日 - 2022年12月31日,中文,CSSCI,经济学,经济科学,B
2021年7月8日 - 2022年12月31日,中文,CSSCI,经济学,财贸经济,B
2021年7月8日 - 2022年12月31日,中文,CSSCI,经济学,国际金融研究,B
2021年7月8日 - 2022年12月31日,中文,CSSCI,经济学,经济评论,B
2021年7月8日 - 2022年12月31日,中文,CSSCI,经济学,产业经济研究,B
2021年7月8日 - 2022年12月31日,中文,CSSCI,经济学,经济理论与经济管理,B
2021年7月8日 - 2022年12月31日,中文,CSSCI,经济学,改革,B
2021年7月8日 - 2022年12月31日,中文,CSSCI,经济学,经济社会体制比较,B
2021年7月8日 - 2022年12月31日,中文,CSSCI,经济学,世界经济文汇,B
2021年7月8日 - 2022年12月31日,中文,CSSCI,经济学,世界经济研究,B
2021年7月8日 - 2022年12月31日,中文,CSSCI,经济学,经济学动态,B
2021年7月8日 - 2022年12月31日,中文,CSSCI,经济学,国际经济评论,B
2021年7月8日 - 2022年12月31日,中文,CSSCI,经济学,农业技术经济,C
2021年7月8日 - 2022年12月31日,中文,CSSCI,经济学,国际经贸探索,C
2021年7月8日 - 2022年12月31日,中文,CSSCI,经济学,当代经济科学,C
2021年7月8日 - 2022年12月31日,中文,CSSCI,经济学,世界经济与政治论坛,C
2021年7月8日 - 2022年12月31日,中文,CSSCI,经济学,中国经济问题,C
2021年7月8日 - 2022年12月31日,中文,CSSCI,经济学,财经科学,C
2021年7月8日 - 2022年12月31日,中文,CSSCI,经济学,金融经济学研究,C
2021年7月8日 - 2022年12月31日,中文,CSSCI,经济学,宏观经济研究,C
2021年7月8日 - 2022年12月31日,中文,CSSCI,经济学,财贸研究,C
2021年7月8日 - 2022年12月31日,中文,CSSCI,经济学,当代财经,C
2021年7月8日 - 2022年12月31日,中文,CSSCI,经济学,现代日本经济,C
2021年7月8日 - 2022年12月31日,中文,CSSCI,经济学,南方经济,C
2021年7月8日 - 2022年12月31日,中文,CSSCI,经济学,商业经济与管理,C
2021年7月8日 - 2022年12月31日,中文,CSSCI,经济学,经济经纬,C
2021年7月8日 - 2022年12月31日,中文,CSSCI,经济学,上海经济研究,C
2021年7月8日 - 2022年12月31日,中文,CSSCI,经济学,财政研究,C
2021年7月8日 - 2022年12月31日,中文,CSSCI,经济学,财经问题研究,C
2021年7月8日 - 2022年12月31日,中文,CSSCI,经济学,经济纵横,C
2021年7月8日 - 2022年12月31日,中文,CSSCI,经济学,政治经济学评论,C
2021年7月8日 - 2022年12月31日,中文,CSSCI,经济学,经济与管理研究,C
2021年7月8日 - 2022年12月31日,中文,CSSCI,经济学,国际贸易,C
2021年7月8日 - 2022年12月31日,中文,CSSCI,经济学,证券市场导报,C
2021年7月8日 - 2022年12月31日,中文,CSSCI,经济学,财经论丛,C
2021年7月8日 - 2022年12月31日,中文,CSSCI,经济学,金融论坛,C
2021年7月8日 - 2022年12月31日,中文,CSSCI,经济学,农村经济,C
2021年7月8日 - 2022年12月31日,中文,CSSCI,经济学,国际商务,C
2021年7月8日 - 2022年12月31日,中文,CSSCI,经济学,经济问题探索,C
2021年7月8日 - 2022年12月31日,中文,CSSCI,经济学,经济问题,C
2021年7月8日 - 2022年12月31日,中文,CSSCI,经济学,财经理论与实践,C
2021年7月8日 - 2022年12月31日,中文,CSSCI,经济学,亚太经济,C
2021年7月8日 - 2022年12月31日,中文,CSSCI,经济学,劳动经济研究,C
2021年7月8日 - 2022年12月31日,中文,CSSCI,经济学,商业研究,C
2021年7月8日 - 2022年12月31日,中文,CSSCI,经济学,现代经济探讨,C
2021年7月8日 - 2022年12月31日,中文,CSSCI,经济学,金融评论,C
2021年7月8日 - 2022年12月31日,中文,CSSCI,经济学,保险研究,C
2021年7月8日 - 2022年12月31日,中文,CSSCI,经济学,税务研究,C
2021年7月8日 - 2022年12月31日,中文,CSSCI,经济学,经济学报,C
2021年7月8日 - 2022年12月31日,中文,CSSCI,财经院校学报,中南财经政法大学学报,A
2021年7月8日 - 2022年12月31日,中文,CSSCI,财经院校学报,山西财经大学学报,B
2021年7月8日 - 2022年12月31日,中文,CSSCI,财经院校学报,上海财经大学学报,B
2021年7月8日 - 2022年12月31日,中文,CSSCI,财经院校学报,广东财经大学学报,C
2021年7月8日 - 2022年12月31日,中文,CSSCI,财经院校学报,贵州财经大学学报,C
2021年7月8日 - 2022年12月31日,中文,CSSCI,财经院校学报,江西财经大学学报,C
2021年7月8日 - 2022年12月31日,中文,CSSCI,财经院校学报,中央财经大学学报,C
2021年7月8日 - 2022年12月31日,中文,CSSCI,财经院校学报,现代财经,C
2021年7月8日 - 2022年12月31日,中文,CSSCI,考古学,文物,A
2021年7月8日 - 2022年12月31日,中文,CSSCI,考古学,考古,B
2021年7月8日 - 2022年12月31日,中文,CSSCI,考古学,考古学报,B
2021年7月8日 - 2022年12月31日,中文,CSSCI,考古学,江汉考古,C
2021年7月8日 - 2022年12月31日,中文,CSSCI,考古学,考古与文物,C
2021年7月8日 - 2022年12月31日,中文,CSSCI,考古学,故宫博物院院刊,C
2021年7月8日 - 2022年12月31日,中文,CSSCI,考古学,敦煌研究,C
2021年7月8日 - 2022年12月31日,中文,CSSCI,考古学,人类学学报,C
2021年7月8日 - 2022年12月31日,中文,CSSCI,历史学,历史研究,A
2021年7月8日 - 2022年12月31日,中文,CSSCI,历史学,近代史研究,A
2021年7月8日 - 2022年12月31日,中文,CSSCI,历史学,中国经济史研究,A
2021年7月8日 - 2022年12月31日,中文,CSSCI,历史学,史学月刊,B
2021年7月8日 - 2022年12月31日,中文,CSSCI,历史学,中国边疆史地研究,B
2021年7月8日 - 2022年12月31日,中文,CSSCI,历史学,中国史研究,B
2021年7月8日 - 2022年12月31日,中文,CSSCI,历史学,史学集刊,B
2021年7月8日 - 2022年12月31日,中文,CSSCI,历史学,抗日战争研究,B
2021年7月8日 - 2022年12月31日,中文,CSSCI,历史学,安徽史学,B
2021年7月8日 - 2022年12月31日,中文,CSSCI,历史学,清史研究,B
2021年7月8日 - 2022年12月31日,中文,CSSCI,历史学,史林,B
2021年7月8日 - 2022年12月31日,中文,CSSCI,历史学,中国社会经济史研究,B
2021年7月8日 - 2022年12月31日,中文,CSSCI,历史学,当代中国史研究,C
2021年7月8日 - 2022年12月31日,中文,CSSCI,历史学,中国农史,C
2021年7月8日 - 2022年12月31日,中文,CSSCI,历史学,史学理论研究,C
2021年7月8日 - 2022年12月31日,中文,CSSCI,历史学,历史档案,C
2021年7月8日 - 2022年12月31日,中文,CSSCI,历史学,世界历史,C
2021年7月8日 - 2022年12月31日,中文,CSSCI,历史学,西域研究,C
2021年7月8日 - 2022年12月31日,中文,CSSCI,历史学,中国历史地理论丛,C
2021年7月8日 - 2022年12月31日,中文,CSSCI,历史学,中华文史论丛,C
2021年7月8日 - 2022年12月31日,中文,CSSCI,历史学,古代文明,C
2021年7月8日 - 2022年12月31日,中文,CSSCI,历史学,华侨华人历史研究,C
2021年7月8日 - 2022年12月31日,中文,CSSCI,历史学,史学史研究,C
2021年7月8日 - 2022年12月31日,中文,CSSCI,历史学,文史,C
2021年7月8日 - 2022年12月31日,中文,CSSCI,历史学,自然科学史研究,C
2021年7月8日 - 2022年12月31日,中文,CSSCI,历史学,东南文化,C
2021年7月8日 - 2022年12月31日,中文,CSSCI,历史学,民国档案,C
2021年7月8日 - 2022年12月31日,中文,CSSCI,历史学,文献,C
2021年7月8日 - 2022年12月31日,中文,CSSCI,历史学,经济社会史评论,C
2021年7月8日 - 2022年12月31日,中文,CSSCI,历史学,中国史研究动态,C
2021年7月8日 - 2022年12月31日,中文,CSSCI,马克思主义理论,求是,A
2021年7月8日 - 2022年12月31日,中文,CSSCI,马克思主义理论,中国特色社会主义研究,A
2021年7月8日 - 2022年12月31日,中文,CSSCI,马克思主义理论,马克思主义与现实,B
2021年7月8日 - 2022年12月31日,中文,CSSCI,马克思主义理论,马克思主义研究,B
2021年7月8日 - 2022年12月31日,中文,CSSCI,马克思主义理论,社会主义研究,B
2021年7月8日 - 2022年12月31日,中文,CSSCI,马克思主义理论,教学与研究,B
2021年7月8日 - 2022年12月31日,中文,CSSCI,马克思主义理论,党建,B
2021年7月8日 - 2022年12月31日,中文,CSSCI,马克思主义理论,国外理论动态,B
2021年7月8日 - 2022年12月31日,中文,CSSCI,马克思主义理论,当代世界与社会主义,C
2021年7月8日 - 2022年12月31日,中文,CSSCI,马克思主义理论,红旗文稿,C
2021年7月8日 - 2022年12月31日,中文,CSSCI,马克思主义理论,毛泽东邓小平理论研究,C
2021年7月8日 - 2022年12月31日,中文,CSSCI,马克思主义理论,中共党史研究,C
2021年7月8日 - 2022年12月31日,中文,CSSCI,马克思主义理论,党的文献,C
2021年7月8日 - 2022年12月31日,中文,CSSCI,马克思主义理论,科学社会主义,C
2021年7月8日 - 2022年12月31日,中文,CSSCI,马克思主义理论,当代世界社会主义问题,C
2021年7月8日 - 2022年12月31日,中文,CSSCI,马克思主义理论,党史研究与教学,C
2021年7月8日 - 2022年12月31日,中文,CSSCI,马克思主义理论,思想理论教育导刊,C
2021年7月8日 - 2022年12月31日,中文,CSSCI,马克思主义理论,理论视野,C
2021年7月8日 - 2022年12月31日,中文,CSSCI,马克思主义理论,思想理论教育,C
2021年7月8日 - 2022年12月31日,中文,CSSCI,马克思主义理论,思想教育研究,C
2021年7月8日 - 2022年12月31日,中文,CSSCI,马克思主义理论,马克思主义理论学科研究,C
2021年7月8日 - 2022年12月31日,中文,CSSCI,民族学与文化学,民族研究,A
2021年7月8日 - 2022年12月31日,中文,CSSCI,民族学与文化学,民俗研究,B
2021年7月8日 - 2022年12月31日,中文,CSSCI,民族学与文化学,广西民族研究,B
2021年7月8日 - 2022年12月31日,中文,CSSCI,民族学与文化学,世界民族,B
2021年7月8日 - 2022年12月31日,中文,CSSCI,民族学与文化学,西北民族研究,C
2021年7月8日 - 2022年12月31日,中文,CSSCI,民族学与文化学,民族学刊,C
2021年7月8日 - 2022年12月31日,中文,CSSCI,民族学与文化学,文化遗产,C
2021年7月8日 - 2022年12月31日,中文,CSSCI,民族学与文化学,中国藏学,C
2021年7月8日 - 2022年12月31日,中文,CSSCI,民族学与文化学,贵州民族研究,C
2021年7月8日 - 2022年12月31日,中文,CSSCI,民族学与文化学,民族教育研究,C
2021年7月8日 - 2022年12月31日,中文,CSSCI,民族学与文化学,西南民族大学学报(人文社会科学版),A
2021年7月8日 - 2022年12月31日,中文,CSSCI,民族学与文化学,云南民族大学学报(哲学社会科学版),B
2021年7月8日 - 2022年12月31日,中文,CSSCI,民族学与文化学,中南民族大学学报(人文社会科学版),C
2021年7月8日 - 2022年12月31日,中文,CSSCI,民族学与文化学,中央民族大学学报(哲学社会科学版),C
2021年7月8日 - 2022年12月31日,中文,CSSCI,民族学与文化学,广西民族大学学报(哲学社会科学版),C
2021年7月8日 - 2022年12月31日,中文,CSSCI,人文经济地理,地理学报,A
2021年7月8日 - 2022年12月31日,中文,CSSCI,人文经济地理,地理研究,B
2021年7月8日 - 2022年12月31日,中文,CSSCI,人文经济地理,经济地理,B
2021年7月8日 - 2022年12月31日,中文,CSSCI,人文经济地理,地理科学,B
2021年7月8日 - 2022年12月31日,中文,CSSCI,人文经济地理,地理科学进展,B
2021年7月8日 - 2022年12月31日,中文,CSSCI,人文经济地理,人文地理,C
2021年7月8日 - 2022年12月31日,中文,CSSCI,人文经济地理,城市规划学刊,C
2021年7月8日 - 2022年12月31日,中文,CSSCI,人文经济地理,旅游学刊,C
2021年7月8日 - 2022年12月31日,中文,CSSCI,人文经济地理,城市规划,C
2021年7月8日 - 2022年12月31日,中文,CSSCI,人文经济地理,旅游科学,C
2021年7月8日 - 2022年12月31日,中文,CSSCI,人文经济地理,城市发展研究,C
2021年7月8日 - 2022年12月31日,中文,CSSCI,人文经济地理,城市问题,C
2021年7月8日 - 2022年12月31日,中文,CSSCI,社会学,人口研究,A
2021年7月8日 - 2022年12月31日,中文,CSSCI,社会学,中国人口科学,B
2021年7月8日 - 2022年12月31日,中文,CSSCI,社会学,人口与经济,C
2021年7月8日 - 2022年12月31日,中文,CSSCI,社会学,人口学刊,C
2021年7月8日 - 2022年12月31日,中文,CSSCI,社会学,人口与发展,C
2021年7月8日 - 2022年12月31日,中文,CSSCI,社会学,社会学研究,A
2021年7月8日 - 2022年12月31日,中文,CSSCI,社会学,社会,B
2021年7月8日 - 2022年12月31日,中文,CSSCI,社会学,社会学评论,C
2021年7月8日 - 2022年12月31日,中文,CSSCI,社会学,青年研究,C
2021年7月8日 - 2022年12月31日,中文,CSSCI,社会学,妇女研究论丛,C
2021年7月8日 - 2022年12月31日,中文,CSSCI,社会学,中国青年研究,C
2021年7月8日 - 2022年12月31日,中文,CSSCI,社会学,社会发展研究,C
2021年7月8日 - 2022年12月31日,中文,CSSCI,体育学,体育科学,A
2021年7月8日 - 2022年12月31日,中文,CSSCI,体育学,上海体育学院学报,B
2021年7月8日 - 2022年12月31日,中文,CSSCI,体育学,北京体育大学学报,B
2021年7月8日 - 2022年12月31日,中文,CSSCI,体育学,体育与科学,B
2021年7月8日 - 2022年12月31日,中文,CSSCI,体育学,体育学刊,C
2021年7月8日 - 2022年12月31日,中文,CSSCI,体育学,西安体育学院学报,C
2021年7月8日 - 2022年12月31日,中文,CSSCI,体育学,武汉体育学院学报,C
2021年7月8日 - 2022年12月31日,中文,CSSCI,体育学,中国体育科技,C
2021年7月8日 - 2022年12月31日,中文,CSSCI,体育学,成都体育学院学报,C
2021年7月8日 - 2022年12月31日,中文,CSSCI,体育学,沈阳体育学院学报,C
2021年7月8日 - 2022年12月31日,中文,CSSCI,体育学,体育学研究,C
2021年7月8日 - 2022年12月31日,中文,CSSCI,统计学,统计研究,B
2021年7月8日 - 2022年12月31日,中文,CSSCI,统计学,数理统计与管理,B
2021年7月8日 - 2022年12月31日,中文,CSSCI,统计学,统计与决策,C
2021年7月8日 - 2022年12月31日,中文,CSSCI,统计学,统计与信息论坛,C
2021年7月8日 - 2022年12月31日,中文,CSSCI,图书馆、情报与文献学,档案学通讯,B
2021年7月8日 - 2022年12月31日,中文,CSSCI,图书馆、情报与文献学,档案学研究,C
2021年7月8日 - 2022年12月31日,中文,CSSCI,图书馆、情报与文献学,情报资料工作,A
2021年7月8日 - 2022年12月31日,中文,CSSCI,图书馆、情报与文献学,情报理论与实践,B
2021年7月8日 - 2022年12月31日,中文,CSSCI,图书馆、情报与文献学,情报杂志,B
2021年7月8日 - 2022年12月31日,中文,CSSCI,图书馆、情报与文献学,情报学报,C
2021年7月8日 - 2022年12月31日,中文,CSSCI,图书馆、情报与文献学,情报科学,C
2021年7月8日 - 2022年12月31日,中文,CSSCI,图书馆、情报与文献学,数据分析与知识发现,C
2021年7月8日 - 2022年12月31日,中文,CSSCI,图书馆、情报与文献学,现代情报,C
2021年7月8日 - 2022年12月31日,中文,CSSCI,图书馆、情报与文献学,信息资源管理学报,C
2021年7月8日 - 2022年12月31日,中文,CSSCI,图书馆、情报与文献学,中国图书馆学报,A
2021年7月8日 - 2022年12月31日,中文,CSSCI,图书馆、情报与文献学,图书情报工作,B
2021年7月8日 - 2022年12月31日,中文,CSSCI,图书馆、情报与文献学,图书情报知识,B
2021年7月8日 - 2022年12月31日,中文,CSSCI,图书馆、情报与文献学,大学图书馆学报,B
2021年7月8日 - 2022年12月31日,中文,CSSCI,图书馆、情报与文献学,图书与情报,C
2021年7月8日 - 2022年12月31日,中文,CSSCI,图书馆、情报与文献学,国家图书馆学刊,C
2021年7月8日 - 2022年12月31日,中文,CSSCI,图书馆、情报与文献学,图书馆论坛,C
2021年7月8日 - 2022年12月31日,中文,CSSCI,图书馆、情报与文献学,图书馆杂志,C
2021年7月8日 - 2022年12月31日,中文,CSSCI,图书馆、情报与文献学,图书馆建设,C
2021年7月8日 - 2022年12月31日,中文,CSSCI,图书馆、情报与文献学,图书馆学研究,C
2021年7月8日 - 2022年12月31日,中文,CSSCI,外国文学,外国文学评论,A
2021年7月8日 - 2022年12月31日,中文,CSSCI,外国文学,外国文学研究,B
2021年7月8日 - 2022年12月31日,中文,CSSCI,外国文学,外国文学,C
2021年7月8日 - 2022年12月31日,中文,CSSCI,外国文学,当代外国文学,C
2021年7月8日 - 2022年12月31日,中文,CSSCI,外国文学,国外文学,C
2021年7月8日 - 2022年12月31日,中文,CSSCI,外国文学,外国文学动态研究,C
2021年7月8日 - 2022年12月31日,中文,CSSCI,心理学,心理学报,A
2021年7月8日 - 2022年12月31日,中文,CSSCI,心理学,心理发展与教育,B
2021年7月8日 - 2022年12月31日,中文,CSSCI,心理学,心理科学进展,B
2021年7月8日 - 2022年12月31日,中文,CSSCI,心理学,心理科学,C
2021年7月8日 - 2022年12月31日,中文,CSSCI,心理学,中国临床心理学杂志,C
2021年7月8日 - 2022年12月31日,中文,CSSCI,心理学,心理与行为研究,C
2021年7月8日 - 2022年12月31日,中文,CSSCI,心理学,应用心理学,C
2021年7月8日 - 2022年12月31日,中文,CSSCI,新闻学与传播学,新闻与传播研究,A
2021年7月8日 - 2022年12月31日,中文,CSSCI,新闻学与传播学,中国科技期刊研究,A
2021年7月8日 - 2022年12月31日,中文,CSSCI,新闻学与传播学,编辑学报,B
2021年7月8日 - 2022年12月31日,中文,CSSCI,新闻学与传播学,新闻记者,B
2021年7月8日 - 2022年12月31日,中文,CSSCI,新闻学与传播学,国际新闻界,B
2021年7月8日 - 2022年12月31日,中文,CSSCI,新闻学与传播学,新闻大学,B
2021年7月8日 - 2022年12月31日,中文,CSSCI,新闻学与传播学,科技与出版,C
2021年7月8日 - 2022年12月31日,中文,CSSCI,新闻学与传播学,现代传播：中国传媒大学学报,C
2021年7月8日 - 2022年12月31日,中文,CSSCI,新闻学与传播学,出版发行研究,C
2021年7月8日 - 2022年12月31日,中文,CSSCI,新闻学与传播学,编辑之友,C
2021年7月8日 - 2022年12月31日,中文,CSSCI,新闻学与传播学,当代传播,C
2021年7月8日 - 2022年12月31日,中文,CSSCI,新闻学与传播学,出版科学,C
2021年7月8日 - 2022年12月31日,中文,CSSCI,新闻学与传播学,中国出版,C
2021年7月8日 - 2022年12月31日,中文,CSSCI,新闻学与传播学,新闻界,C
2021年7月8日 - 2022年12月31日,中文,CSSCI,新闻学与传播学,现代出版,C
2021年7月8日 - 2022年12月31日,中文,CSSCI,新闻学与传播学,新闻与写作,C
2021年7月8日 - 2022年12月31日,中文,CSSCI,新闻学与传播学,中国编辑,C
2021年7月8日 - 2022年12月31日,中文,CSSCI,艺术学,文艺研究,A
2021年7月8日 - 2022年12月31日,中文,CSSCI,艺术学,民族艺术,A
2021年7月8日 - 2022年12月31日,中文,CSSCI,艺术学,电影艺术,B
2021年7月8日 - 2022年12月31日,中文,CSSCI,艺术学,北京电影学院学报,B
2021年7月8日 - 2022年12月31日,中文,CSSCI,艺术学,当代电影,B
2021年7月8日 - 2022年12月31日,中文,CSSCI,艺术学,音乐研究,B
2021年7月8日 - 2022年12月31日,中文,CSSCI,艺术学,中国音乐学,B
2021年7月8日 - 2022年12月31日,中文,CSSCI,艺术学,中央音乐学院学报,C
2021年7月8日 - 2022年12月31日,中文,CSSCI,艺术学,建筑学报,C
2021年7月8日 - 2022年12月31日,中文,CSSCI,艺术学,戏剧艺术(上海戏剧学院学报),C
2021年7月8日 - 2022年12月31日,中文,CSSCI,艺术学,装饰,C
2021年7月8日 - 2022年12月31日,中文,CSSCI,艺术学,南京艺术学院学报(美术与设计版),C
2021年7月8日 - 2022年12月31日,中文,CSSCI,艺术学,艺术设计研究,C
2021年7月8日 - 2022年12月31日,中文,CSSCI,艺术学,美术研究,C
2021年7月8日 - 2022年12月31日,中文,CSSCI,艺术学,戏曲艺术,C
2021年7月8日 - 2022年12月31日,中文,CSSCI,艺术学,北京舞蹈学院学报,C
2021年7月8日 - 2022年12月31日,中文,CSSCI,艺术学,新美术,C
2021年7月8日 - 2022年12月31日,中文,CSSCI,艺术学,美术,C
2021年7月8日 - 2022年12月31日,中文,CSSCI,艺术学,中国书法,C
2021年7月8日 - 2022年12月31日,中文,CSSCI,艺术学,电视研究,C
2021年7月8日 - 2022年12月31日,中文,CSSCI,艺术学,戏剧(中央戏剧学院学报),C
2021年7月8日 - 2022年12月31日,中文,CSSCI,艺术学,中国文艺评论,C
2021年7月8日 - 2022年12月31日,中文,CSSCI,艺术学,中国音乐,C
2021年7月8日 - 2022年12月31日,中文,CSSCI,语言学,外语教学与研究,A
2021年7月8日 - 2022年12月31日,中文,CSSCI,语言学,外语界,B
2021年7月8日 - 2022年12月31日,中文,CSSCI,语言学,现代外语,B
2021年7月8日 - 2022年12月31日,中文,CSSCI,语言学,中国外语,B
2021年7月8日 - 2022年12月31日,中文,CSSCI,语言学,外国语,C
2021年7月8日 - 2022年12月31日,中文,CSSCI,语言学,外语与外语教学,C
2021年7月8日 - 2022年12月31日,中文,CSSCI,语言学,中国翻译,C
2021年7月8日 - 2022年12月31日,中文,CSSCI,语言学,外语电化教学,C
2021年7月8日 - 2022年12月31日,中文,CSSCI,语言学,外语教学理论与实践,C
2021年7月8日 - 2022年12月31日,中文,CSSCI,语言学,外语教学,C
2021年7月8日 - 2022年12月31日,中文,CSSCI,语言学,上海翻译,C
2021年7月8日 - 2022年12月31日,中文,CSSCI,语言学,外语教育研究前沿,C
2021年7月8日 - 2022年12月31日,中文,CSSCI,语言学,中国语文,A
2021年7月8日 - 2022年12月31日,中文,CSSCI,语言学,世界汉语教学,B
2021年7月8日 - 2022年12月31日,中文,CSSCI,语言学,语言教学与研究,B
2021年7月8日 - 2022年12月31日,中文,CSSCI,语言学,当代修辞学,B
2021年7月8日 - 2022年12月31日,中文,CSSCI,语言学,当代语言学,B
2021年7月8日 - 2022年12月31日,中文,CSSCI,语言学,方言,C
2021年7月8日 - 2022年12月31日,中文,CSSCI,语言学,语言文字应用,C
2021年7月8日 - 2022年12月31日,中文,CSSCI,语言学,语言科学,C
2021年7月8日 - 2022年12月31日,中文,CSSCI,语言学,语文研究,C
2021年7月8日 - 2022年12月31日,中文,CSSCI,语言学,汉语学报,C
2021年7月8日 - 2022年12月31日,中文,CSSCI,语言学,汉语学习,C
2021年7月8日 - 2022年12月31日,中文,CSSCI,语言学,民族语文,C
2021年7月8日 - 2022年12月31日,中文,CSSCI,语言学,语言研究,C
2021年7月8日 - 2022年12月31日,中文,CSSCI,哲学,哲学研究,A
2021年7月8日 - 2022年12月31日,中文,CSSCI,哲学,自然辩证法研究,B
2021年7月8日 - 2022年12月31日,中文,CSSCI,哲学,哲学动态,B
2021年7月8日 - 2022年12月31日,中文,CSSCI,哲学,周易研究,B
2021年7月8日 - 2022年12月31日,中文,CSSCI,哲学,自然辩证法通讯,B
2021年7月8日 - 2022年12月31日,中文,CSSCI,哲学,伦理学研究,C
2021年7月8日 - 2022年12月31日,中文,CSSCI,哲学,世界哲学,C
2021年7月8日 - 2022年12月31日,中文,CSSCI,哲学,现代哲学,C
2021年7月8日 - 2022年12月31日,中文,CSSCI,哲学,科学技术哲学研究,C
2021年7月8日 - 2022年12月31日,中文,CSSCI,哲学,道德与文明,C
2021年7月8日 - 2022年12月31日,中文,CSSCI,哲学,哲学分析,C
2021年7月8日 - 2022年12月31日,中文,CSSCI,哲学,中国哲学史,C
2021年7月8日 - 2022年12月31日,中文,CSSCI,哲学,孔子研究,C
2021年7月8日 - 2022年12月31日,中文,CSSCI,哲学,逻辑学研究,C
2021年7月8日 - 2022年12月31日,中文,CSSCI,政治学,上海行政学院学报,B
2021年7月8日 - 2022年12月31日,中文,CSSCI,政治学,中共中央党校学报,B
2021年7月8日 - 2022年12月31日,中文,CSSCI,政治学,理论探索,B
2021年7月8日 - 2022年12月31日,中文,CSSCI,政治学,理论探讨,C
2021年7月8日 - 2022年12月31日,中文,CSSCI,政治学,求实,C
2021年7月8日 - 2022年12月31日,中文,CSSCI,政治学,甘肃行政学院学报,C
2021年7月8日 - 2022年12月31日,中文,CSSCI,政治学,北京行政学院学报,C
2021年7月8日 - 2022年12月31日,中文,CSSCI,政治学,探索,C
2021年7月8日 - 2022年12月31日,中文,CSSCI,政治学,江苏行政学院学报,C
2021年7月8日 - 2022年12月31日,中文,CSSCI,政治学,世界经济与政治,A
2021年7月8日 - 2022年12月31日,中文,CSSCI,政治学,政治学研究,A
2021年7月8日 - 2022年12月31日,中文,CSSCI,政治学,国际问题研究,A
2021年7月8日 - 2022年12月31日,中文,CSSCI,政治学,当代亚太,B
2021年7月8日 - 2022年12月31日,中文,CSSCI,政治学,外交评论(外交学院学报),B
2021年7月8日 - 2022年12月31日,中文,CSSCI,政治学,公共行政评论,B
2021年7月8日 - 2022年12月31日,中文,CSSCI,政治学,东北亚论坛,B
2021年7月8日 - 2022年12月31日,中文,CSSCI,政治学,国际政治研究,B
2021年7月8日 - 2022年12月31日,中文,CSSCI,政治学,国际观察,B
2021年7月8日 - 2022年12月31日,中文,CSSCI,政治学,国际安全研究,B
2021年7月8日 - 2022年12月31日,中文,CSSCI,政治学,现代国际关系,B
2021年7月8日 - 2022年12月31日,中文,CSSCI,政治学,行政论坛,C
2021年7月8日 - 2022年12月31日,中文,CSSCI,政治学,国际政治科学,C
2021年7月8日 - 2022年12月31日,中文,CSSCI,政治学,南亚研究,C
2021年7月8日 - 2022年12月31日,中文,CSSCI,政治学,国际展望,C
2021年7月8日 - 2022年12月31日,中文,CSSCI,政治学,欧洲研究,C
2021年7月8日 - 2022年12月31日,中文,CSSCI,政治学,美国研究,C
2021年7月8日 - 2022年12月31日,中文,CSSCI,政治学,日本学刊,C
2021年7月8日 - 2022年12月31日,中文,CSSCI,政治学,德国研究,C
2021年7月8日 - 2022年12月31日,中文,CSSCI,政治学,太平洋学报,C
2021年7月8日 - 2022年12月31日,中文,CSSCI,政治学,南洋问题研究,C
2021年7月8日 - 2022年12月31日,中文,CSSCI,政治学,国际论坛,C
2021年7月8日 - 2022年12月31日,中文,CSSCI,政治学,东南亚研究,C
2021年7月8日 - 2022年12月31日,中文,CSSCI,政治学,西亚非洲,C
2021年7月8日 - 2022年12月31日,中文,CSSCI,政治学,当代世界,C
2021年7月8日 - 2022年12月31日,中文,CSSCI,政治学,和平与发展,C
2021年7月8日 - 2022年12月31日,中文,CSSCI,政治学,理论学刊,C
2021年7月8日 - 2022年12月31日,中文,CSSCI,政治学,理论与改革,C
2021年7月8日 - 2022年12月31日,中文,CSSCI,政治学,人权,C
2021年7月8日 - 2022年12月31日,中文,CSSCI,政治学,台湾研究,C
2021年7月8日 - 2022年12月31日,中文,CSSCI,中国文学,文学评论,A
2021年7月8日 - 2022年12月31日,中文,CSSCI,中国文学,文艺理论研究,A
2021年7月8日 - 2022年12月31日,中文,CSSCI,中国文学,文学遗产,B
2021年7月8日 - 2022年12月31日,中文,CSSCI,中国文学,当代作家评论,B
2021年7月8日 - 2022年12月31日,中文,CSSCI,中国文学,中国比较文学,B
2021年7月8日 - 2022年12月31日,中文,CSSCI,中国文学,文艺争鸣,B
2021年7月8日 - 2022年12月31日,中文,CSSCI,中国文学,中国文学研究,B
2021年7月8日 - 2022年12月31日,中文,CSSCI,中国文学,中国现代文学研究丛刊,C
2021年7月8日 - 2022年12月31日,中文,CSSCI,中国文学,南方文坛,C
2021年7月8日 - 2022年12月31日,中文,CSSCI,中国文学,民族文学研究,C
2021年7月8日 - 2022年12月31日,中文,CSSCI,中国文学,明清小说研究,C
2021年7月8日 - 2022年12月31日,中文,CSSCI,中国文学,文艺理论与批评,C
2021年7月8日 - 2022年12月31日,中文,CSSCI,中国文学,扬子江文学评论,C
2021年7月8日 - 2022年12月31日,中文,CSSCI,中国文学,当代文坛,C
2021年7月8日 - 2022年12月31日,中文,CSSCI,中国文学,现代中文学刊,C
2021年7月8日 - 2022年12月31日,中文,CSSCI,中国文学,小说评论,C
2021年7月8日 - 2022年12月31日,中文,CSSCI,中国文学,新文学史料,C
2021年7月8日 - 2022年12月31日,中文,CSSCI,中国文学,中国文学批评,C
2021年7月8日 - 2022年12月31日,中文,CSSCI,自然资源与环境,中国人口·资源与环境,A
2021年7月8日 - 2022年12月31日,中文,CSSCI,自然资源与环境,资源科学,B
2021年7月8日 - 2022年12月31日,中文,CSSCI,自然资源与环境,中国土地科学,C
2021年7月8日 - 2022年12月31日,中文,CSSCI,自然资源与环境,自然资源学报,C
2021年7月8日 - 2022年12月31日,中文,CSSCI,自然资源与环境,长江流域资源与环境,C
2021年7月8日 - 2022年12月31日,中文,CSSCI,自然资源与环境,干旱区资源与环境,C
2021年7月8日 - 2022年12月31日,中文,CSSCI,宗教学,世界宗教文化,B
2021年7月8日 - 2022年12月31日,中文,CSSCI,宗教学,世界宗教研究,C
2021年7月8日 - 2022年12月31日,中文,CSSCI,宗教学,宗教学研究,C
2021年7月8日 - 2022年12月31日,中文,CSSCI,冷门绝学,出土文献,C
2021年7月8日 - 2022年12月31日,中文,CSSCI,冷门绝学,历史地理研究,C
2021年7月8日 - 2022年12月31日,中文,CSSCI,台湾地区期刊,地理学报（台湾）,C
2021年7月8日 - 2022年12月31日,中文,CSSCI,台湾地区期刊,公共行政学报,C
2021年7月8日 - 2022年12月31日,中文,CSSCI,台湾地区期刊,管理学报（台湾）,C
2021年7月8日 - 2022年12月31日,中文,CSSCI,台湾地区期刊,会计评论,C
2021年7月8日 - 2022年12月31日,中文,CSSCI,台湾地区期刊,教育科学研究期刊,C
2021年7月8日 - 2022年12月31日,中文,CSSCI,台湾地区期刊,教育实践与研究,C
2021年7月8日 - 2022年12月31日,中文,CSSCI,台湾地区期刊,教育心理学报,C
2021年7月8日 - 2022年12月31日,中文,CSSCI,台湾地区期刊,经济论文,C
2021年7月8日 - 2022年12月31日,中文,CSSCI,台湾地区期刊,经济论文丛刊,C
2021年7月8日 - 2022年12月31日,中文,CSSCI,台湾地区期刊,历史语言研究所集刊,C
2021年7月8日 - 2022年12月31日,中文,CSSCI,台湾地区期刊,清华中文学报,C
2021年7月8日 - 2022年12月31日,中文,CSSCI,台湾地区期刊,设计学报,C
2021年7月8日 - 2022年12月31日,中文,CSSCI,台湾地区期刊,台大历史学报,C
2021年7月8日 - 2022年12月31日,中文,CSSCI,台湾地区期刊,台大社会工作学刊,C
2021年7月8日 - 2022年12月31日,中文,CSSCI,台湾地区期刊,台大中文学报,C
2021年7月8日 - 2022年12月31日,中文,CSSCI,台湾地区期刊,台湾大学美术史研究集刊,C
2021年7月8日 - 2022年12月31日,中文,CSSCI,台湾地区期刊,台湾经济预测与政策,C
2021年7月8日 - 2022年12月31日,中文,CSSCI,台湾地区期刊,特殊教育研究学刊,C
2021年7月8日 - 2022年12月31日,中文,CSSCI,台湾地区期刊,体育学报,C
2021年7月8日 - 2022年12月31日,中文,CSSCI,台湾地区期刊,图书资讯学刊,C
2021年7月8日 - 2022年12月31日,中文,CSSCI,台湾地区期刊,文与哲,C
2021年7月8日 - 2022年12月31日,中文,CSSCI,台湾地区期刊,月旦法学,C
2021年7月8日 - 2022年12月31日,中文,CSSCI,台湾地区期刊,哲学与文化,C
2021年7月8日 - 2022年12月31日,中文,CSSCI,台湾地区期刊,证券市场发展季刊,C
2021年7月8日 - 2022年12月31日,中文,CSSCI,台湾地区期刊,政大法学评论,C
2021年7月8日 - 2022年12月31日,中文,CSSCI,台湾地区期刊,政治大学哲学学报,C
2021年7月8日 - 2022年12月31日,中文,CSSCI,台湾地区期刊,中国文哲研究集刊,C
2021年7月8日 - 2022年12月31日,中文,CSSCI,台湾地区期刊,中华传播学刊,C
2021年7月8日 - 2022年12月31日,中文,CSSCI,台湾地区期刊,中研院法学期刊,C
2021年7月8日 - 2022年12月31日,中文,CSSCI,台湾地区期刊,组织与管理,C
2021年7月8日 - 2022年12月31日,外文,A&HCI,艺术,/,B
2021年7月8日 - 2022年12月31日,外文,CCFA,自然科学,期刊或会议,A
2021年7月8日 - 2022年12月31日,外文,CCFB,自然科学,期刊或会议,B
2021年7月8日 - 2022年12月31日,外文,CCFC,自然科学,期刊或会议,C
2021年7月8日 - 2022年12月31日,外文,CPCI-S,自然科学,会议,D
2021年7月8日 - 2022年12月31日,外文,CPCI-SSH,人文社会学科,/,D
2021年7月8日 - 2022年12月31日,中文,CSCD,自然科学,正刊,D
2021年7月8日 - 2022年12月31日,外文,CSCD,自然科学,期刊,D
2021年7月8日 - 2022年12月31日,中文,CSSCI扩展来源期刊,人文社会学科,/,D
2021年7月8日 - 2022年12月31日,中文,CSSCI集刊,人文社会学科,/,C
2021年7月8日 - 2022年12月31日,外文,EI会议,人文社会学科,论文集,D
2021年7月8日 - 2022年12月31日,中文,EI期刊,/,正刊,C
2021年7月8日 - 2022年12月31日,外文,EI期刊,/,正刊,C
2021年7月8日 - 2022年12月31日,外文,Nature、Science、Cell,自然科学,正刊/子刊,特类
2021年7月8日 - 2022年12月31日,外文,SSCI/SCI,/,JCR一区,A
2021年7月8日 - 2022年12月31日,外文,SSCI/SCI,/,JCR二区,B
2021年7月8日 - 2022年12月31日,外文,SSCI/SCI,/,JCR三区,B
2021年7月8日 - 2022年12月31日,外文,SSCI/SCI,/,JCR四区,C
2021年7月8日 - 2022年12月31日,外文,SSCI/SCI,/,JCR四区,C
2021年7月8日 - 2022年12月31日,中文,北大核心,/,/,D
2021年7月8日 - 2022年12月31日,中文,大众日报,人文社会学科,理论版/理论板块,D
2021年7月8日 - 2022年12月31日,中文,法制日报,人文社会学科,理论版/理论板块,D
2021年7月8日 - 2022年12月31日,中文,高等学校文科文摘,人文社会学科,主体转载,C
2021年7月8日 - 2022年12月31日,中文,光明日报,人文社会学科,理论版/理论板块,B
2021年7月8日 - 2022年12月31日,外文,韩国KCI,人文社会学科,核心期刊,D
2021年7月8日 - 2022年12月31日,中文,红旗文摘,人文社会学科,主体转载,C
2021年7月8日 - 2022年12月31日,中文,经济日报,人文社会学科,理论版/理论板块,D
2021年7月8日 - 2022年12月31日,中文,人民日报,人文社会学科,理论版/理论板块,B
2021年7月8日 - 2022年12月31日,中文,山东女子学院学报,人文社会学科,/,D
2021年7月8日 - 2022年12月31日,中文,山东社会科学研究,人文社会学科,论文集,D
2021年7月8日 - 2022年12月31日,中文,文艺报,人文社会学科,理论版/理论板块,D
2021年7月8日 - 2022年12月31日,中文,新华文摘,人文社会学科,主体转载,B
2021年7月8日 - 2022年12月31日,中文,学习时报,人文社会学科,理论版/理论板块,D
2021年7月8日 - 2022年12月31日,中文,中国妇女报,人文社会学科,理论版/理论板块,C
2021年7月8日 - 2022年12月31日,中文,中国教育报,人文社会学科,理论版/理论板块,C
2021年7月8日 - 2022年12月31日,中文,中国科技期刊卓越行动计划,自然科学,领军期刊,A
2021年7月8日 - 2022年12月31日,中文,中国科技期刊卓越行动计划,自然科学,重点期刊,B
2021年7月8日 - 2022年12月31日,中文,中国科技期刊卓越行动计划,自然科学,其他,C
2021年7月8日 - 2022年12月31日,中文,中国人大复印报刊资料,人文社会学科,全文转载,C
2021年7月8日 - 2022年12月31日,中文,中国社会科学（中文版）,人文社会学科,/,特类
2021年7月8日 - 2022年12月31日,中文,中国社会科学报,人文社会学科,理论版/理论板块,C
2021年7月8日 - 2022年12月31日,中文,中国社会科学文摘,人文社会学科,主体转载,C
2021年7月8日 - 2022年12月31日,中文,中华女子学院学报,人文社会学科,/,D
2023年1月1日 - 2023年12月31日,中文,新华文摘,人文社会学科,主体转载,A
2023年1月1日 - 2023年12月31日,中文,新华文摘,人文社会学科,论点摘编（300字以上）,B
2023年1月1日 - 2023年12月31日,中文,人民日报,人文社会学科,理论版（1500字以上）,B
2023年1月1日 - 2023年12月31日,中文,光明日报,人文社会学科,理论版（1500字以上）,B
2023年1月1日 - 2023年12月31日,中文,经济日报,人文社会学科,理论版（1500字以上）,B
2023年1月1日 - 2023年12月31日,中文,中国社会科学文摘,人文社会学科,主体转载,B
2023年1月1日 - 2023年12月31日,中文,中国社会科学文摘,人文社会学科,论点摘编（300字以上）,C
2023年1月1日 - 2023年12月31日,中文,高等学校文科文摘,人文社会学科,主体转载,B
2023年1月1日 - 2023年12月31日,中文,高等学校文科文摘,人文社会学科,论点摘编（300字以上）,C
2023年1月1日 - 2023年12月31日,中文,山东女子学院学报,/,/,C
2023年1月1日 - 2023年12月31日,中文,中国人大复印报刊资料,人文社会学科,全文转载,C
2023年1月1日 - 2023年12月31日,中文,CSSCI集刊,人文社会学科,/,C
2023年1月1日 - 2023年12月31日,中文,CSSCI扩展版,人文社会学科,/,D
2023年1月1日 - 2023年12月31日,中文,北大核心,/,/,D
2023年1月1日 - 2023年12月31日,中文,中国社会科学报,人文社会学科,理论版（1500字以上）,D
2023年1月1日 - 2023年12月31日,中文,中国教育报,人文社会学科,理论版（1500字以上）,D
2023年1月1日 - 2023年12月31日,中文,大众日报,人文社会学科,理论版（1500字以上）,D
2023年1月1日 - 2023年12月31日,中文,中国妇女报,人文社会学科,理论版（1500字以上）,D
2023年1月1日 - 2023年12月31日,中文,中华女子学院,/,/,D
2023年1月1日 - 2023年12月31日,中文,中国科技期刊卓越行动计划,自然科学,领军期刊,A
2023年1月1日 - 2023年12月31日,中文,中国科技期刊卓越行动计划,自然科学,重点期刊,B
2023年1月1日 - 2023年12月31日,中文,中国科技期刊卓越行动计划,自然科学,其他,C
2023年1月1日 - 2023年12月31日,中文,EI期刊,自然科学,正刊,C
2023年1月1日 - 2023年12月31日,中文,CSCD,自然科学,正刊,D
2023年1月1日 - 2023年12月31日,外文,SSCI,/,JCR一区,A
2023年1月1日 - 2023年12月31日,外文,SSCI,/,JCR二区,B
2023年1月1日 - 2023年12月31日,外文,SSCI,/,JCR三区,C
2023年1月1日 - 2023年12月31日,外文,SSCI,/,JCR四区,C
2023年1月1日 - 2023年12月31日,外文,SCI,/,中科院一区,A
2023年1月1日 - 2023年12月31日,外文,SCI,/,中科院二区,B
2023年1月1日 - 2023年12月31日,外文,SCI,/,中科院三区,C
2023年1月1日 - 2023年12月31日,外文,SCI,/,中科院四区,C
2023年1月1日 - 2023年12月31日,外文,A&HCI,艺术,/,B
2024年1月1日 - 2024年12月31日,中文,新华文摘,人文社会学科,主体转载,A
2024年1月1日 - 2024年12月31日,中文,新华文摘,人文社会学科,论点摘编（300字以上）,B
2024年1月1日 - 2024年12月31日,中文,人民日报,人文社会学科,理论版（1500字以上）,B
2024年1月1日 - 2024年12月31日,中文,光明日报,人文社会学科,理论版（1500字以上）,B
2024年1月1日 - 2024年12月31日,中文,经济日报,人文社会学科,理论版（1500字以上）,B
2024年1月1日 - 2024年12月31日,中文,中国社会科学文摘,人文社会学科,主体转载,B
2024年1月1日 - 2024年12月31日,中文,中国社会科学文摘,人文社会学科,论点摘编（300字以上）,C
2024年1月1日 - 2024年12月31日,中文,高等学校文科文摘,人文社会学科,主体转载,B
2024年1月1日 - 2024年12月31日,中文,高等学校文科文摘,人文社会学科,论点摘编（300字以上）,C
2024年1月1日 - 2024年12月31日,中文,山东女子学院学报,/,/,C
2024年1月1日 - 2024年12月31日,中文,中国人大复印报刊资料,人文社会学科,全文转载,C
2024年1月1日 - 2024年12月31日,中文,CSSCI集刊,人文社会学科,/,C
2024年1月1日 - 2024年12月31日,中文,CSSCI扩展版,人文社会学科,/,D
2024年1月1日 - 2024年12月31日,中文,北大核心,人文社会学科,/,D
2024年1月1日 - 2024年12月31日,中文,中国社会科学报,人文社会学科,理论版（1500字以上）,D
2024年1月1日 - 2024年12月31日,中文,中国教育报,人文社会学科,理论版（1500字以上）,D
2024年1月1日 - 2024年12月31日,中文,大众日报,人文社会学科,理论版（1500字以上）,D
2024年1月1日 - 2024年12月31日,中文,中国妇女报,人文社会学科,理论版（1500字以上）,D
2024年1月1日 - 2024年12月31日,中文,中华女子学院,/,/,D
2024年1月1日 - 2024年12月31日,中文,中国科技期刊卓越行动计划,自然科学,领军期刊,A
2024年1月1日 - 2024年12月31日,中文,中国科技期刊卓越行动计划,自然科学,重点期刊,B
2024年1月1日 - 2024年12月31日,中文,中国科技期刊卓越行动计划,自然科学,其他,C
2024年1月1日 - 2024年12月31日,中文,EI期刊,自然科学,正刊,C
2024年1月1日 - 2024年12月31日,中文,CSCD,自然科学,正刊,D
2024年1月1日 - 2024年12月31日,外文,SSCI/SCI,/,JCR一区,A
2024年1月1日 - 2024年12月31日,外文,SSCI/SCI,/,JCR二区,B
2024年1月1日 - 2024年12月31日,外文,SSCI/SCI,/,JCR三区,C
2024年1月1日 - 2024年12月31日,外文,SSCI/SCI,/,JCR四区,C
2024年1月1日 - 2024年12月31日,外文,A&HCI,艺术,/,B
2025年1月1日 - 至今,外文,EI期刊,/,/,C